video_id,comment_id,text,like_count,published_at,author_channel_id,query,video_url,video_title,slang_hits,source_file,slang_text_checked,health_text_checked,clean_slang_hits,is_health_related,keep_for_annotation
zcLazzHXgqQ,UgwQYhLlmJOqyAK3pgF4AaABAg,"first brain fog, then dizzy, loss of feeling in hands. Lost 2 lbs in 4 mos. Explosive diarrhea or constipation. Quit taking 6 weeks ago. feel  astonishingly bad. I am diabetic only need to loose 30 lbs. Now I cannot walk without dizzy and falling. Rx from doc. Neighbor was flat on back in misery. Not walking when you have severe diarrhea IS A BIG problem.",4,2024-03-10T18:42:10Z,UCtDAAoooDngCv5SeSRi0CXg,"""ozempic side effects"" #shorts",https://www.youtube.com/watch?v=zcLazzHXgqQ,New Ozempic and Wegovy side effects come to light,['brain fog'],data_raw/youtube_comments.jsonl,"first brain fog, then dizzy, loss of feeling in hands. lost 2 lbs in 4 mos. explosive diarrhea or constipation. quit taking 6 weeks ago. feel  astonishingly bad. i am diabetic only need to loose 30 lbs. now i cannot walk without dizzy and falling. rx from doc. neighbor was flat on back in misery. not walking when you have severe diarrhea is a big problem.","""ozempic side effects"" #shorts   new ozempic and wegovy side effects come to light first brain fog, then dizzy, loss of feeling in hands. lost 2 lbs in 4 mos. explosive diarrhea or constipation. quit taking 6 weeks ago. feel  astonishingly bad. i am diabetic only need to loose 30 lbs. now i cannot walk without dizzy and falling. rx from doc. neighbor was flat on back in misery. not walking when you have severe diarrhea is a big problem.",['brain fog'],True,True
MzTCwlOM64Y,UgxMzZyKf6nI_Tcouf14AaABAg,"I have type 2 diabetes and was on Mounjaro for two years. I stopped taking it a few months ago because I felt so fatigued that I could barely function. My diet didn’t change much—I just ate less—but I had almost no energy, even for a simple walk. A friend had to come over to help me clean because I was so exhausted.

On top of that, I started dreading the injections because they made me feel like I was going to throw up, and the nausea lasted for three days. It really impacted my quality of life. Over two years, I lost a total of 22 pounds while on the 5 mg dose. Every time I tried increasing it, I experienced severe stomach pain and almost ended up in the hospital.

Since stopping Mounjaro, I’ve been constantly sick. I had a severe two-week illness with nonstop vomiting, followed by two sinus infections that turned into bronchitis—one in February and now again in March. I live in Florida and rarely get sick, so this is really unusual for me. I’m not sure if my body is trying to cleanse itself or if Mounjaro may have affected my immune system.",3,2025-03-25T05:02:53Z,UCBk7TO4bA-S1zZeZOVtcEmQ,"""mounjaro side effects"" #shorts",https://www.youtube.com/watch?v=MzTCwlOM64Y,The Best MOUNJARO Alternative (Without the Side Effects) - Dr. Berg,['ate'],data_raw/youtube_comments.jsonl,"i have type 2 diabetes and was on mounjaro for two years. i stopped taking it a few months ago because i felt so fatigued that i could barely function. my diet didn’t change much—i just ate less—but i had almost no energy, even for a simple walk. a friend had to come over to help me clean because i was so exhausted.

on top of that, i started dreading the injections because they made me feel like i was going to throw up, and the nausea lasted for three days. it really impacted my quality of life. over two years, i lost a total of 22 pounds while on the 5 mg dose. every time i tried increasing it, i experienced severe stomach pain and almost ended up in the hospital.

since stopping mounjaro, i’ve been constantly sick. i had a severe two-week illness with nonstop vomiting, followed by two sinus infections that turned into bronchitis—one in february and now again in march. i live in florida and rarely get sick, so this is really unusual for me. i’m not sure if my body is trying to cleanse itself or if mounjaro may have affected my immune system.","""mounjaro side effects"" #shorts   the best mounjaro alternative (without the side effects) - dr. berg i have type 2 diabetes and was on mounjaro for two years. i stopped taking it a few months ago because i felt so fatigued that i could barely function. my diet didn’t change much—i just ate less—but i had almost no energy, even for a simple walk. a friend had to come over to help me clean because i was so exhausted.

on top of that, i started dreading the injections because they made me feel like i was going to throw up, and the nausea lasted for three days. it really impacted my quality of life. over two years, i lost a total of 22 pounds while on the 5 mg dose. every time i tried increasing it, i experienced severe stomach pain and almost ended up in the hospital.

since stopping mounjaro, i’ve been constantly sick. i had a severe two-week illness with nonstop vomiting, followed by two sinus infections that turned into bronchitis—one in february and now again in march. i live in florida and rarely get sick, so this is really unusual for me. i’m not sure if my body is trying to cleanse itself or if mounjaro may have affected my immune system.",['ate'],True,True
hpRmQ6QKi2E,UgyUWO8B62zy_Mkmchd4AaABAg,"I experienced mild depression, combined with brain fog, and feeling withdrawn, anti social starting on day 4.....",18,2025-05-02T01:05:33Z,UC-FtoiiBoRTJr3sQzWqBvwQ,"""mounjaro side effects"" #shorts",https://www.youtube.com/watch?v=hpRmQ6QKi2E,Managing Mounjaro Side Effects: Strategies for Minimizing Risks | Wave Plastic Surgery,['brain fog'],data_raw/youtube_comments.jsonl,"i experienced mild depression, combined with brain fog, and feeling withdrawn, anti social starting on day 4.....","""mounjaro side effects"" #shorts   managing mounjaro side effects: strategies for minimizing risks | wave plastic surgery i experienced mild depression, combined with brain fog, and feeling withdrawn, anti social starting on day 4.....",['brain fog'],True,True
Dqe5hAnUxqg,Ugyfkc2un7mwgQFk4cx4AaABAg,The question is if an individual is morbidly obese let's say 250 kg and well they cannot lose weight even with various programmes let's say from factors like lack of willpower or watnot wouldn't glp 1 drugs like ozempic be much better for them cause their chances of death on their size is much more compared dying from any side effect of that drug,1,2025-09-24T12:52:49Z,UCscZM6k9yDddk2FF7Z7ZXHg,"""mounjaro side effects"" #shorts",https://www.youtube.com/watch?v=Dqe5hAnUxqg,The Truth About Mounjaro Side Effects,['dying'],data_raw/youtube_comments.jsonl,the question is if an individual is morbidly obese let's say 250 kg and well they cannot lose weight even with various programmes let's say from factors like lack of willpower or watnot wouldn't glp 1 drugs like ozempic be much better for them cause their chances of death on their size is much more compared dying from any side effect of that drug,"""mounjaro side effects"" #shorts   the truth about mounjaro side effects the question is if an individual is morbidly obese let's say 250 kg and well they cannot lose weight even with various programmes let's say from factors like lack of willpower or watnot wouldn't glp 1 drugs like ozempic be much better for them cause their chances of death on their size is much more compared dying from any side effect of that drug",['dying'],True,True
VQmomDREd5E,Ugx3nlWpWA0PTP4S1x54AaABAg,"Go for a walk after every meal & instead of doing your hair, face & nails.
Chew your food.   Eat whole food.  No snacking. 
Stop being lazy & shallow. 
Put the damn fork down & push away fr the table.",0,2026-03-18T15:05:13Z,UC0FSFN1RRmBgOd1uWQpl8SQ,"""mounjaro side effects"" #shorts",https://www.youtube.com/watch?v=VQmomDREd5E,Mounjaro 5mg 💩 NEW Side Effect #shorts #mounjaro #weightloss,['fr'],data_raw/youtube_comments.jsonl,"go for a walk after every meal & instead of doing your hair, face & nails.
chew your food.   eat whole food.  no snacking. 
stop being lazy & shallow. 
put the damn fork down & push away fr the table.","""mounjaro side effects"" #shorts   mounjaro 5mg 💩 new side effect #shorts #mounjaro #weightloss go for a walk after every meal & instead of doing your hair, face & nails.
chew your food.   eat whole food.  no snacking. 
stop being lazy & shallow. 
put the damn fork down & push away fr the table.",['fr'],True,True
Aypzrls4Mn0,UgytQKfmSlZ4vRT3VqF4AaABAg,"As someone with a long history of pretty severe IBS-D, the constipatory effects of Mounjaro have actually been a welcomed change, lol. What I have struggled with the most is the fatigue and the lack of interest and investment brought on by the dopamine blunting. As someone who has had problems in the past with depression, it's causing a concerningly familiar apathy and lack of motivation. I noticed it get much more pronounced at the 7.5 dose and then when I tried to go up to 10, I felt like I was dying between the fatigue and the emotional disassociation I was feeling. I have weaned back down to a dose of 5mg and feel like this is giving me the best balance between benefits and side effects.",12,2025-11-10T19:30:48Z,UCJFZUa4bUoORPiCJhyMWxcg,"""mounjaro side effects"" #shorts",https://www.youtube.com/watch?v=Aypzrls4Mn0,5 Common Ozempic &amp; Mounjaro Side Effects—and How to AVOID Them!,['dying'],data_raw/youtube_comments.jsonl,"as someone with a long history of pretty severe ibs-d, the constipatory effects of mounjaro have actually been a welcomed change, lol. what i have struggled with the most is the fatigue and the lack of interest and investment brought on by the dopamine blunting. as someone who has had problems in the past with depression, it's causing a concerningly familiar apathy and lack of motivation. i noticed it get much more pronounced at the 7.5 dose and then when i tried to go up to 10, i felt like i was dying between the fatigue and the emotional disassociation i was feeling. i have weaned back down to a dose of 5mg and feel like this is giving me the best balance between benefits and side effects.","""mounjaro side effects"" #shorts   5 common ozempic &amp; mounjaro side effects—and how to avoid them! as someone with a long history of pretty severe ibs-d, the constipatory effects of mounjaro have actually been a welcomed change, lol. what i have struggled with the most is the fatigue and the lack of interest and investment brought on by the dopamine blunting. as someone who has had problems in the past with depression, it's causing a concerningly familiar apathy and lack of motivation. i noticed it get much more pronounced at the 7.5 dose and then when i tried to go up to 10, i felt like i was dying between the fatigue and the emotional disassociation i was feeling. i have weaned back down to a dose of 5mg and feel like this is giving me the best balance between benefits and side effects.",['dying'],True,True
Aypzrls4Mn0,UgyryJNWPDBtQSHpP5N4AaABAg,"I wish I had constipation! Had the opposite for 20 years, tried cutting everything out, just ate meat... still the same.",2,2025-07-15T23:16:51Z,UCD06w6h3ikCwpygBZCnsEQA,"""mounjaro side effects"" #shorts",https://www.youtube.com/watch?v=Aypzrls4Mn0,5 Common Ozempic &amp; Mounjaro Side Effects—and How to AVOID Them!,['ate'],data_raw/youtube_comments.jsonl,"i wish i had constipation! had the opposite for 20 years, tried cutting everything out, just ate meat... still the same.","""mounjaro side effects"" #shorts   5 common ozempic &amp; mounjaro side effects—and how to avoid them! i wish i had constipation! had the opposite for 20 years, tried cutting everything out, just ate meat... still the same.",['ate'],True,True
q7gORBNYik0,UgylWT66s-BsCjbO9dR4AaABAg,"Thank you Fr Kevin, as a fellow healthcare worker ( RN) of over 30 years I'm also a huge proponent of these GLP agonists.  Lifestyle changes and patient education is paramount while using these medications.  Always great content, thank you.  Dana",17,2025-07-30T11:50:13Z,UCb2cEjsVgkJ4oxaauAUh19w,"""mounjaro side effects"" #shorts",https://www.youtube.com/watch?v=q7gORBNYik0,7 DEADLY Ozempic &amp; Mounjaro Side Effects You MUST Know Before Starting!,['fr'],data_raw/youtube_comments.jsonl,"thank you fr kevin, as a fellow healthcare worker ( rn) of over 30 years i'm also a huge proponent of these glp agonists.  lifestyle changes and patient education is paramount while using these medications.  always great content, thank you.  dana","""mounjaro side effects"" #shorts   7 deadly ozempic &amp; mounjaro side effects you must know before starting! thank you fr kevin, as a fellow healthcare worker ( rn) of over 30 years i'm also a huge proponent of these glp agonists.  lifestyle changes and patient education is paramount while using these medications.  always great content, thank you.  dana",['fr'],True,True
BR2djr_sqNM,UgyLeRgc1m2g2-EyM7d4AaABAg,I ended up in the ER because of Ozempic. Thought I was dying I felt so bad. Beware!,18,2023-09-02T02:54:20Z,UCfItphjirH9ObcpygLginWQ,"""mounjaro side effects"" #shorts",https://www.youtube.com/watch?v=BR2djr_sqNM,People who took popular weight loss drugs say their stomachs are paralyzed,['dying'],data_raw/youtube_comments.jsonl,i ended up in the er because of ozempic. thought i was dying i felt so bad. beware!,"""mounjaro side effects"" #shorts   people who took popular weight loss drugs say their stomachs are paralyzed i ended up in the er because of ozempic. thought i was dying i felt so bad. beware!",['dying'],True,True
_rcQQS_LSJA,Ugz5Vd9g2Yn2uJiBHEx4AaABAg,I lost 177 pounds in 8 months. I barely ate. I drunk a lot of water.,0,2026-04-21T20:29:20Z,UCq3fkWd83UFbSu2-1tspvyw,"""mounjaro side effects"" #shorts",https://www.youtube.com/watch?v=_rcQQS_LSJA,How much weight can you lose with Mounjaro? 🤷🏻‍♂️👨🏻‍⚕️ #mounjaro #doctor #obesity,['ate'],data_raw/youtube_comments.jsonl,i lost 177 pounds in 8 months. i barely ate. i drunk a lot of water.,"""mounjaro side effects"" #shorts   how much weight can you lose with mounjaro? 🤷🏻‍♂️👨🏻‍⚕️ #mounjaro #doctor #obesity i lost 177 pounds in 8 months. i barely ate. i drunk a lot of water.",['ate'],True,True
uqek00T0mRo,UgxRSguid-EFO52Eqdl4AaABAg,After 14 months on mounjaro and 140 pound weight loss I finally gave in and ate my favorite pepperoni pizza. Four hours later I had to call squad as I just felt like I was dying. Worst pain I’ve ever felt and 12 hours after I had eaten the pizza I finally vomited what seemed like pure grease. I never want to eat pizza again. Lesson learned.,375,2025-10-18T22:19:34Z,UC3-iZbMXfiGGcsERFwUvnNQ,"""mounjaro side effects"" #shorts",https://www.youtube.com/watch?v=uqek00T0mRo,Stop Eating These Foods on Ozempic &amp; Mounjaro Before It’s Too Late,"['ate', 'dying']",data_raw/youtube_comments.jsonl,after 14 months on mounjaro and 140 pound weight loss i finally gave in and ate my favorite pepperoni pizza. four hours later i had to call squad as i just felt like i was dying. worst pain i’ve ever felt and 12 hours after i had eaten the pizza i finally vomited what seemed like pure grease. i never want to eat pizza again. lesson learned.,"""mounjaro side effects"" #shorts   stop eating these foods on ozempic &amp; mounjaro before it’s too late after 14 months on mounjaro and 140 pound weight loss i finally gave in and ate my favorite pepperoni pizza. four hours later i had to call squad as i just felt like i was dying. worst pain i’ve ever felt and 12 hours after i had eaten the pizza i finally vomited what seemed like pure grease. i never want to eat pizza again. lesson learned.","['ate', 'dying']",True,True
uqek00T0mRo,UgwKIhiolP5srSUTfZd4AaABAg,"I found out fast that anything acidic, spicy, or fried was out!
I have to eat a bland diet and only cooked vegetables because I can't digest anything raw.",28,2025-11-05T19:35:52Z,UCadkD9S_-YbA0XfcrBzvyaA,"""mounjaro side effects"" #shorts",https://www.youtube.com/watch?v=uqek00T0mRo,Stop Eating These Foods on Ozempic &amp; Mounjaro Before It’s Too Late,['cooked'],data_raw/youtube_comments.jsonl,"i found out fast that anything acidic, spicy, or fried was out!
i have to eat a bland diet and only cooked vegetables because i can't digest anything raw.","""mounjaro side effects"" #shorts   stop eating these foods on ozempic &amp; mounjaro before it’s too late i found out fast that anything acidic, spicy, or fried was out!
i have to eat a bland diet and only cooked vegetables because i can't digest anything raw.",['cooked'],True,True
wIb0aqHXvq8,UgzeQkfdL8V_ks9zo0R4AaABAg,I’m on Mounjaro started 2 weeks ago. My brain fog has cleared. Lifted my mood . I do fitness classes at my local health and fitness centre walk everywhere . People don’t seem to realise   It just an easy fix you have to do the work with it. You have to change the type of food you consume. No point taking the weight loss then eating the same unhealthy junk food you have always consumed but just less of it.❤❤,133,2025-09-03T06:31:28Z,UCI1YtO0W5Vse8jx0URA0A3Q,"""mounjaro side effects"" #shorts",https://www.youtube.com/watch?v=wIb0aqHXvq8,The Surprising Side Effects Of Ozempic,['brain fog'],data_raw/youtube_comments.jsonl,i’m on mounjaro started 2 weeks ago. my brain fog has cleared. lifted my mood . i do fitness classes at my local health and fitness centre walk everywhere . people don’t seem to realise   it just an easy fix you have to do the work with it. you have to change the type of food you consume. no point taking the weight loss then eating the same unhealthy junk food you have always consumed but just less of it.❤❤,"""mounjaro side effects"" #shorts   the surprising side effects of ozempic i’m on mounjaro started 2 weeks ago. my brain fog has cleared. lifted my mood . i do fitness classes at my local health and fitness centre walk everywhere . people don’t seem to realise   it just an easy fix you have to do the work with it. you have to change the type of food you consume. no point taking the weight loss then eating the same unhealthy junk food you have always consumed but just less of it.❤❤",['brain fog'],True,True
LONpwZcdKfU,UgzhVzLIjxKeZsWmvrV4AaABAg,I had the tiredness first time around. I've restarted and I don't get it this time. 3 weeks in. I'm working out hard as well. First time I was also on statins that have a similar brain fog side effect. I almost had to stop first time around but this time it's so far so good on 2.5. I do find TV boring now and play Marathon on PC as it's high dopemean game. I will buy a 5mg pen and do half dose going forward. When I came off I regained and I was still eating pretty good. Make sure you hydrate and eat enough protein.,2,2026-05-13T06:59:44Z,UCsiZ9YemU6dWSeldjPs92IQ,"""mounjaro side effects"" #shorts",https://www.youtube.com/watch?v=LONpwZcdKfU,I Take Mounjaro… These are my Side Effects,['brain fog'],data_raw/youtube_comments.jsonl,i had the tiredness first time around. i've restarted and i don't get it this time. 3 weeks in. i'm working out hard as well. first time i was also on statins that have a similar brain fog side effect. i almost had to stop first time around but this time it's so far so good on 2.5. i do find tv boring now and play marathon on pc as it's high dopemean game. i will buy a 5mg pen and do half dose going forward. when i came off i regained and i was still eating pretty good. make sure you hydrate and eat enough protein.,"""mounjaro side effects"" #shorts   i take mounjaro… these are my side effects i had the tiredness first time around. i've restarted and i don't get it this time. 3 weeks in. i'm working out hard as well. first time i was also on statins that have a similar brain fog side effect. i almost had to stop first time around but this time it's so far so good on 2.5. i do find tv boring now and play marathon on pc as it's high dopemean game. i will buy a 5mg pen and do half dose going forward. when i came off i regained and i was still eating pretty good. make sure you hydrate and eat enough protein.",['brain fog'],True,True
uU3Rw0XYolc,Ugw6t9XI5f76HUDnLxF4AaABAg,"Hello Dr. I am a 350 lb man, started Tirzepatide at 370, 6 weeks ago…. But , in the last 4 weeks I have not dropped a single pound, even though I am eating 1800 calories per day, and 100+ grams of protein. I weigh my food, drink only water (one cup of coffee each morning), I am very active also, yet I don’t understand this stall! 

I have ate a low calorie 1200-1600 diet in the past and lost over a 100 lbs several times, but I’ve never stalled like this for 4 full weeks?? 

The medicine has made it hard for me to even get 1800 calories in each day, as I fill up so quickly, and haven’t been hungry since I started! 

Any thoughts on why the stall, and how long is a normal expectation before losing should pick up again? 

By the way I’m on 5mg currently for 2 more weeks, then to 7.5, and no side effects so far!",1,2026-02-24T16:15:34Z,UCbjTCmzvo3dYn5bkMnP28Kw,"""mounjaro side effects"" #shorts",https://www.youtube.com/watch?v=uU3Rw0XYolc,Doctor Explains The REAL Side Effects of Ozempic &amp; Mounjaro (not what you think),['ate'],data_raw/youtube_comments.jsonl,"hello dr. i am a 350 lb man, started tirzepatide at 370, 6 weeks ago…. but , in the last 4 weeks i have not dropped a single pound, even though i am eating 1800 calories per day, and 100+ grams of protein. i weigh my food, drink only water (one cup of coffee each morning), i am very active also, yet i don’t understand this stall! 

i have ate a low calorie 1200-1600 diet in the past and lost over a 100 lbs several times, but i’ve never stalled like this for 4 full weeks?? 

the medicine has made it hard for me to even get 1800 calories in each day, as i fill up so quickly, and haven’t been hungry since i started! 

any thoughts on why the stall, and how long is a normal expectation before losing should pick up again? 

by the way i’m on 5mg currently for 2 more weeks, then to 7.5, and no side effects so far!","""mounjaro side effects"" #shorts   doctor explains the real side effects of ozempic &amp; mounjaro (not what you think) hello dr. i am a 350 lb man, started tirzepatide at 370, 6 weeks ago…. but , in the last 4 weeks i have not dropped a single pound, even though i am eating 1800 calories per day, and 100+ grams of protein. i weigh my food, drink only water (one cup of coffee each morning), i am very active also, yet i don’t understand this stall! 

i have ate a low calorie 1200-1600 diet in the past and lost over a 100 lbs several times, but i’ve never stalled like this for 4 full weeks?? 

the medicine has made it hard for me to even get 1800 calories in each day, as i fill up so quickly, and haven’t been hungry since i started! 

any thoughts on why the stall, and how long is a normal expectation before losing should pick up again? 

by the way i’m on 5mg currently for 2 more weeks, then to 7.5, and no side effects so far!",['ate'],True,True
xDvDOres_wA,Ugxs38YNKVPHgbEg4IV4AaABAg,"This drug has been life altering for me. Was thin all my life-- active and ate healthy.  Started gaining weight in my mid 40s and couldn't lose it. My thyroid was removed and that made it worse. My endo said i was heading towards diabetes. Since taking this med I've been able to lose a lot of weight and be more active, able to enjoy riding my bike again, go to the gym. Working on breaking my sugar addiction too. But I'm fortunate that I can drive down to Mexico to buy it. Otherwise I'd never be able to afford it.",145,2023-05-21T20:15:35Z,UC3DO77IfQROYItNxbd6yhcA,"""mounjaro side effects"" #shorts",https://www.youtube.com/watch?v=xDvDOres_wA,WARNING Do NOT take Ozempic or Mounjaro until you watch this,['ate'],data_raw/youtube_comments.jsonl,"this drug has been life altering for me. was thin all my life-- active and ate healthy.  started gaining weight in my mid 40s and couldn't lose it. my thyroid was removed and that made it worse. my endo said i was heading towards diabetes. since taking this med i've been able to lose a lot of weight and be more active, able to enjoy riding my bike again, go to the gym. working on breaking my sugar addiction too. but i'm fortunate that i can drive down to mexico to buy it. otherwise i'd never be able to afford it.","""mounjaro side effects"" #shorts   warning do not take ozempic or mounjaro until you watch this this drug has been life altering for me. was thin all my life-- active and ate healthy.  started gaining weight in my mid 40s and couldn't lose it. my thyroid was removed and that made it worse. my endo said i was heading towards diabetes. since taking this med i've been able to lose a lot of weight and be more active, able to enjoy riding my bike again, go to the gym. working on breaking my sugar addiction too. but i'm fortunate that i can drive down to mexico to buy it. otherwise i'd never be able to afford it.",['ate'],True,True
Aq-R9jQOImI,Ugzp4_5DDETeZlQ--ad4AaABAg,Your hunger increases more then you ever were hungry ever  I know others who stoped and ate and ate never got full,0,2026-01-26T00:11:11Z,UCcVtstvM0wFG0SjQKGIgnOg,"""mounjaro side effects"" #shorts",https://www.youtube.com/watch?v=Aq-R9jQOImI,What Happens When You Stop Taking GLP-1 Medications?,['ate'],data_raw/youtube_comments.jsonl,your hunger increases more then you ever were hungry ever  i know others who stoped and ate and ate never got full,"""mounjaro side effects"" #shorts   what happens when you stop taking glp-1 medications? your hunger increases more then you ever were hungry ever  i know others who stoped and ate and ate never got full",['ate'],True,True
Aq-R9jQOImI,UgxCzejnwNMJikdyP9J4AaABAg,"Here’s what you need to know your hunger comes back 10 times over hungrier than you’ve ever been in your entire life. I’m in the middle of writing a book. Nobody can go to the bathroom. People  are living on laxatives cause they cannot poop that’s not funny whoever is laughing just wait till  you go   off this medicine you’ll see cause I see it all the time it’s not a normal diet medication. It’s for people that have high blood sugar and then they give it to people that don’t when you’re done taking it. Your brain will think oh my God I gotta eat. I have to eat eat eat eat. ,everyday my sugar would drop low. I had no energy I was weak. The shot whether you’re diabetic or not your blood sugar is getting lowered by the medicine that it is made to do for diabetics. The reason people asking for to get increased, their dosage is because the one they were taking isn’t working anymore. They’re still hungry and they’re eating once you reached your level and there is no more level to go and you have to get off it and there’s no micro dosing. You can’t microdose something that you’ve had 2 mg or higher and go low for a little bit. It does not work 100% you will gain all of your weight back. There are  lawsuits now with Ozempic Wegovy and I don’t know either which ones cause everyone has complications. The food that you ate two weeks ago was still in your upper stomach, so that’s why nobody can go to the bathroom nobody they’re living on laxatives mineral oil, MiraLAX, all of it. Slows the digestion  system to slow",0,2026-03-08T14:26:51Z,UCcVtstvM0wFG0SjQKGIgnOg,"""mounjaro side effects"" #shorts",https://www.youtube.com/watch?v=Aq-R9jQOImI,What Happens When You Stop Taking GLP-1 Medications?,['ate'],data_raw/youtube_comments.jsonl,"here’s what you need to know your hunger comes back 10 times over hungrier than you’ve ever been in your entire life. i’m in the middle of writing a book. nobody can go to the bathroom. people  are living on laxatives cause they cannot poop that’s not funny whoever is laughing just wait till  you go   off this medicine you’ll see cause i see it all the time it’s not a normal diet medication. it’s for people that have high blood sugar and then they give it to people that don’t when you’re done taking it. your brain will think oh my god i gotta eat. i have to eat eat eat eat. ,everyday my sugar would drop low. i had no energy i was weak. the shot whether you’re diabetic or not your blood sugar is getting lowered by the medicine that it is made to do for diabetics. the reason people asking for to get increased, their dosage is because the one they were taking isn’t working anymore. they’re still hungry and they’re eating once you reached your level and there is no more level to go and you have to get off it and there’s no micro dosing. you can’t microdose something that you’ve had 2 mg or higher and go low for a little bit. it does not work 100% you will gain all of your weight back. there are  lawsuits now with ozempic wegovy and i don’t know either which ones cause everyone has complications. the food that you ate two weeks ago was still in your upper stomach, so that’s why nobody can go to the bathroom nobody they’re living on laxatives mineral oil, miralax, all of it. slows the digestion  system to slow","""mounjaro side effects"" #shorts   what happens when you stop taking glp-1 medications? here’s what you need to know your hunger comes back 10 times over hungrier than you’ve ever been in your entire life. i’m in the middle of writing a book. nobody can go to the bathroom. people  are living on laxatives cause they cannot poop that’s not funny whoever is laughing just wait till  you go   off this medicine you’ll see cause i see it all the time it’s not a normal diet medication. it’s for people that have high blood sugar and then they give it to people that don’t when you’re done taking it. your brain will think oh my god i gotta eat. i have to eat eat eat eat. ,everyday my sugar would drop low. i had no energy i was weak. the shot whether you’re diabetic or not your blood sugar is getting lowered by the medicine that it is made to do for diabetics. the reason people asking for to get increased, their dosage is because the one they were taking isn’t working anymore. they’re still hungry and they’re eating once you reached your level and there is no more level to go and you have to get off it and there’s no micro dosing. you can’t microdose something that you’ve had 2 mg or higher and go low for a little bit. it does not work 100% you will gain all of your weight back. there are  lawsuits now with ozempic wegovy and i don’t know either which ones cause everyone has complications. the food that you ate two weeks ago was still in your upper stomach, so that’s why nobody can go to the bathroom nobody they’re living on laxatives mineral oil, miralax, all of it. slows the digestion  system to slow",['ate'],True,True
QDYQ_4gsiOU,Ugy2cT-ONdSejALNAr54AaABAg,"My dad ate nothing and was still grossly overweight.  Yeah, something else is going on.",79,2024-03-21T03:22:17Z,UCJtjrbGqMKtibd6LB0DMVyA,"""mounjaro side effects"" #shorts",https://www.youtube.com/watch?v=QDYQ_4gsiOU,Oprah on why she turned to weight loss drugs,['ate'],data_raw/youtube_comments.jsonl,"my dad ate nothing and was still grossly overweight.  yeah, something else is going on.","""mounjaro side effects"" #shorts   oprah on why she turned to weight loss drugs my dad ate nothing and was still grossly overweight.  yeah, something else is going on.",['ate'],True,True
soS5tgVo7kU,Ugzrx4vxFeDjW80m5-t4AaABAg,I started at 2.5 and am on my second week of 5 and I feel like I'm dying on the daily. I'm heading back to the doctor office tomorrow to go back down. I've lost 30 lbs already in the month and a half since I've been on it.,0,2026-05-13T23:30:17Z,UCVAPBC1axanDS619FLK5DLQ,"""mounjaro side effects"" #shorts",https://www.youtube.com/watch?v=soS5tgVo7kU,STOP Doing These 5 Things on Ozempic &amp; Mounjaro,['dying'],data_raw/youtube_comments.jsonl,i started at 2.5 and am on my second week of 5 and i feel like i'm dying on the daily. i'm heading back to the doctor office tomorrow to go back down. i've lost 30 lbs already in the month and a half since i've been on it.,"""mounjaro side effects"" #shorts   stop doing these 5 things on ozempic &amp; mounjaro i started at 2.5 and am on my second week of 5 and i feel like i'm dying on the daily. i'm heading back to the doctor office tomorrow to go back down. i've lost 30 lbs already in the month and a half since i've been on it.",['dying'],True,True
soS5tgVo7kU,Ugy1eqLzU4Aja1Zi8t94AaABAg,"Day 2 had 2 plates of Chinese food and I’m just about dying from feeling full,  and bg is through the roof.  Not doing that again even if I hadn’t eaten much earlier.  Luckily they were small plates.  I know I shouldn’t eat that but hubby came home with it for dinner.  I did go for a walk earlier too.",0,2025-11-02T00:20:26Z,UCzJ3IQAZBcgaJqzkRtk-7Mw,"""mounjaro side effects"" #shorts",https://www.youtube.com/watch?v=soS5tgVo7kU,STOP Doing These 5 Things on Ozempic &amp; Mounjaro,['dying'],data_raw/youtube_comments.jsonl,"day 2 had 2 plates of chinese food and i’m just about dying from feeling full,  and bg is through the roof.  not doing that again even if i hadn’t eaten much earlier.  luckily they were small plates.  i know i shouldn’t eat that but hubby came home with it for dinner.  i did go for a walk earlier too.","""mounjaro side effects"" #shorts   stop doing these 5 things on ozempic &amp; mounjaro day 2 had 2 plates of chinese food and i’m just about dying from feeling full,  and bg is through the roof.  not doing that again even if i hadn’t eaten much earlier.  luckily they were small plates.  i know i shouldn’t eat that but hubby came home with it for dinner.  i did go for a walk earlier too.",['dying'],True,True
C1OqHKOvFCc,UgxQpr7btfnlYLwbTmd4AaABAg,"My wife lost 25 pounds in the last 8 months and didn't realize she was on a diet. We just ate chicken, beef, blueberries, oats and low calorie drinks. No starving and I got kind of ripped lol. Weight loss is effortless with a high protein diet.",9,2024-04-13T14:58:30Z,UCrv_W6fINCES-vcejeojtvA,"""mounjaro side effects"" #shorts",https://www.youtube.com/watch?v=C1OqHKOvFCc,What happens to your body when you stop taking weight-loss drugs l GMA,['ate'],data_raw/youtube_comments.jsonl,"my wife lost 25 pounds in the last 8 months and didn't realize she was on a diet. we just ate chicken, beef, blueberries, oats and low calorie drinks. no starving and i got kind of ripped lol. weight loss is effortless with a high protein diet.","""mounjaro side effects"" #shorts   what happens to your body when you stop taking weight-loss drugs l gma my wife lost 25 pounds in the last 8 months and didn't realize she was on a diet. we just ate chicken, beef, blueberries, oats and low calorie drinks. no starving and i got kind of ripped lol. weight loss is effortless with a high protein diet.",['ate'],True,True
qkhvIZk5csk,UgwWS4dWEAhFtVFkFSZ4AaABAg,My mother is dying from this. Her stomach has been paralyzed for almost a year. Stomach paralysis and death are not good tradoffs people. You don’t have an ozemoic shortage in your system.,414,2025-02-28T13:51:19Z,UCS14tn6r2m8ke0fWfhbX7Ww,"""mounjaro side effects"" #shorts",https://www.youtube.com/watch?v=qkhvIZk5csk,Beware of this new problem with Ozempic !,['dying'],data_raw/youtube_comments.jsonl,my mother is dying from this. her stomach has been paralyzed for almost a year. stomach paralysis and death are not good tradoffs people. you don’t have an ozemoic shortage in your system.,"""mounjaro side effects"" #shorts   beware of this new problem with ozempic ! my mother is dying from this. her stomach has been paralyzed for almost a year. stomach paralysis and death are not good tradoffs people. you don’t have an ozemoic shortage in your system.",['dying'],True,True
qkhvIZk5csk,UgzQIkb7RFIgQDdvx5Z4AaABAg,"I work in medical laboratory science. The organization I work for passes these drugs out like candy. MANY of my coworkers are on it. Not only have I seen changes in their body, but I have seen changes in their mental state as well. My observation has been they are less friendly(happy), seems to be more brain fog of sorts (mistakes in work), and their overall demeanor is.. different. I’m not talking about one person, I have seen these changes in several people over time. This is only surface level. I genuinely can’t imagine all that’s happening internally that can’t be seen.",192,2025-05-11T09:42:30Z,UC3YalN1bkD8knlMN2skdhXQ,"""mounjaro side effects"" #shorts",https://www.youtube.com/watch?v=qkhvIZk5csk,Beware of this new problem with Ozempic !,['brain fog'],data_raw/youtube_comments.jsonl,"i work in medical laboratory science. the organization i work for passes these drugs out like candy. many of my coworkers are on it. not only have i seen changes in their body, but i have seen changes in their mental state as well. my observation has been they are less friendly(happy), seems to be more brain fog of sorts (mistakes in work), and their overall demeanor is.. different. i’m not talking about one person, i have seen these changes in several people over time. this is only surface level. i genuinely can’t imagine all that’s happening internally that can’t be seen.","""mounjaro side effects"" #shorts   beware of this new problem with ozempic ! i work in medical laboratory science. the organization i work for passes these drugs out like candy. many of my coworkers are on it. not only have i seen changes in their body, but i have seen changes in their mental state as well. my observation has been they are less friendly(happy), seems to be more brain fog of sorts (mistakes in work), and their overall demeanor is.. different. i’m not talking about one person, i have seen these changes in several people over time. this is only surface level. i genuinely can’t imagine all that’s happening internally that can’t be seen.",['brain fog'],True,True
qkhvIZk5csk,UgyZeHRzzEfSeSfV_pR4AaABAg,Im a Canadian funeral director.  Dealt with a few people now who have had medical assistance in dying because ozempic destroyed their gastrointestinal systems.  Doesn't seem worth the risk...,89,2025-05-11T17:37:48Z,UCREWSanoW_38w5OUDA9-IOw,"""mounjaro side effects"" #shorts",https://www.youtube.com/watch?v=qkhvIZk5csk,Beware of this new problem with Ozempic !,['dying'],data_raw/youtube_comments.jsonl,im a canadian funeral director.  dealt with a few people now who have had medical assistance in dying because ozempic destroyed their gastrointestinal systems.  doesn't seem worth the risk...,"""mounjaro side effects"" #shorts   beware of this new problem with ozempic ! im a canadian funeral director.  dealt with a few people now who have had medical assistance in dying because ozempic destroyed their gastrointestinal systems.  doesn't seem worth the risk...",['dying'],True,True
qkhvIZk5csk,Ugyep4_h6uSYwcaHwt94AaABAg,"Reminds of Adderall prescribed for ADD & ADHD. Kids and adults abused for other supposed benefits like studying better then dying from heart attacks. Most parents with kids actually prescribed Adderall in limited doses always hoped to use less during day at school and no meds in evening or on weekends. Many abusers of the med took way too many, became addicted in mind and body, and had adverse reactions - heart (cardiomyopathy) & brain (psychoses).",1,2026-04-23T20:38:37Z,UCVphBiee5PZQtL-PZD735VQ,"""mounjaro side effects"" #shorts",https://www.youtube.com/watch?v=qkhvIZk5csk,Beware of this new problem with Ozempic !,['dying'],data_raw/youtube_comments.jsonl,"reminds of adderall prescribed for add & adhd. kids and adults abused for other supposed benefits like studying better then dying from heart attacks. most parents with kids actually prescribed adderall in limited doses always hoped to use less during day at school and no meds in evening or on weekends. many abusers of the med took way too many, became addicted in mind and body, and had adverse reactions - heart (cardiomyopathy) & brain (psychoses).","""mounjaro side effects"" #shorts   beware of this new problem with ozempic ! reminds of adderall prescribed for add & adhd. kids and adults abused for other supposed benefits like studying better then dying from heart attacks. most parents with kids actually prescribed adderall in limited doses always hoped to use less during day at school and no meds in evening or on weekends. many abusers of the med took way too many, became addicted in mind and body, and had adverse reactions - heart (cardiomyopathy) & brain (psychoses).",['dying'],True,True
_rXANcA01C0,Ugz1cs5hwZVt2XNHyS94AaABAg,"I am forewarning you....I have just quit my job at an Endocrinology office. In all my years, I have NEVER, EVER, EVVVER been subjected to patients(in such a HUGE amount)as rude, stupid/full of brain fog, or argumentative, mean,& nasty, as I have, with THAT office! 
It is the most craziest, weirdest thing, & observation I've dealt with. 

This drug, & Wegovy, & Jardiance, are going to show the most volatile mood swings in your friends, & loved ones in the near future. Mark my words. It's going to get UGLY. 🥺😩😞",9,2025-11-29T13:18:18Z,UCNtJw28uICGNPY9wkzvjUBg,"""mounjaro side effects"" #shorts",https://www.youtube.com/watch?v=_rXANcA01C0,This is what happens when you stop taking Ozempic,['brain fog'],data_raw/youtube_comments.jsonl,"i am forewarning you....i have just quit my job at an endocrinology office. in all my years, i have never, ever, evvver been subjected to patients(in such a huge amount)as rude, stupid/full of brain fog, or argumentative, mean,& nasty, as i have, with that office! 
it is the most craziest, weirdest thing, & observation i've dealt with. 

this drug, & wegovy, & jardiance, are going to show the most volatile mood swings in your friends, & loved ones in the near future. mark my words. it's going to get ugly. 🥺😩😞","""mounjaro side effects"" #shorts   this is what happens when you stop taking ozempic i am forewarning you....i have just quit my job at an endocrinology office. in all my years, i have never, ever, evvver been subjected to patients(in such a huge amount)as rude, stupid/full of brain fog, or argumentative, mean,& nasty, as i have, with that office! 
it is the most craziest, weirdest thing, & observation i've dealt with. 

this drug, & wegovy, & jardiance, are going to show the most volatile mood swings in your friends, & loved ones in the near future. mark my words. it's going to get ugly. 🥺😩😞",['brain fog'],True,True
zWaT_Ib-mfM,Ugz_G5wqM3UprhZDDl54AaABAg,"Currently on 7,5mg and dying… the other doses were fine",2,2025-12-29T13:41:06Z,UCHN5YdH3mqq6JHOFIqGoGeA,"""mounjaro side effects"" #shorts",https://www.youtube.com/watch?v=zWaT_Ib-mfM,Comparing 2.5mg 5mg 7.5mg Mounjaro. My experience on each dose.  #weightloss #shorts #tirzepatide,['dying'],data_raw/youtube_comments.jsonl,"currently on 7,5mg and dying… the other doses were fine","""mounjaro side effects"" #shorts   comparing 2.5mg 5mg 7.5mg mounjaro. my experience on each dose.  #weightloss #shorts #tirzepatide currently on 7,5mg and dying… the other doses were fine",['dying'],True,True
uRHUfxs0I2s,UgwKDtbdXkgC9Fmm5tZ4AaABAg,I’m not on Ozempic but I am currently in a calorie deficit state and I think I didn’t eat enough yesterday lost 2 lb from the day before and then ate a high fat meal yogurt and cereal with milk too fast and as my first meal the next day… Thank you for the reminder that high fat content meals can make you nauseous. I hate being nauseous!,1,2025-03-02T19:02:47Z,UC8uGDRBtuybUETsqV9N6Yxw,"""semaglutide nausea"" #shorts",https://www.youtube.com/watch?v=uRHUfxs0I2s,My personal tricks to avoiding nausea with glp-1. #weightloss #diabetes #pcosweightloss #glp1,['ate'],data_raw/youtube_comments.jsonl,i’m not on ozempic but i am currently in a calorie deficit state and i think i didn’t eat enough yesterday lost 2 lb from the day before and then ate a high fat meal yogurt and cereal with milk too fast and as my first meal the next day… thank you for the reminder that high fat content meals can make you nauseous. i hate being nauseous!,"""semaglutide nausea"" #shorts   my personal tricks to avoiding nausea with glp-1. #weightloss #diabetes #pcosweightloss #glp1 i’m not on ozempic but i am currently in a calorie deficit state and i think i didn’t eat enough yesterday lost 2 lb from the day before and then ate a high fat meal yogurt and cereal with milk too fast and as my first meal the next day… thank you for the reminder that high fat content meals can make you nauseous. i hate being nauseous!",['ate'],True,True
3R1Fwhf02LE,UgxjqdZBcrsNXStQy4l4AaABAg,"I just started and  it is amazing , so much  more energy , feel amazing , i have Hashinotos and this is the best i have felt in 10 years .Brain fog gone , no nausea, no vomiting.",28,2024-12-10T08:44:20Z,UCPZw3vAqwNvEUNEx2KEKfDQ,"""semaglutide nausea"" #shorts",https://www.youtube.com/watch?v=3R1Fwhf02LE,Ozempic Nausea Getting Worse? Try These 5 Fixes,['brain fog'],data_raw/youtube_comments.jsonl,"i just started and  it is amazing , so much  more energy , feel amazing , i have hashinotos and this is the best i have felt in 10 years .brain fog gone , no nausea, no vomiting.","""semaglutide nausea"" #shorts   ozempic nausea getting worse? try these 5 fixes i just started and  it is amazing , so much  more energy , feel amazing , i have hashinotos and this is the best i have felt in 10 years .brain fog gone , no nausea, no vomiting.",['brain fog'],True,True
3R1Fwhf02LE,UgyMhcA1mV43bNOfzCl4AaABAg,"I took my first Ozempic shot yesterday. I am at the point where I can’t even take any solid food. And believe me, I was eating bland food and a smaller portion. I couldn’t even eat toast. I just ate an apple because I was desperate to have something.I called my doctor today and he never called me back. Which makes me even more upset. Hopefully I hear from him tomorrow. I’m just afraid I’m going to be throwing up every day for the next week until I can stop taking this medication.",10,2024-03-12T09:40:21Z,UCSGF5jmRPucCQvVVvHutHdw,"""semaglutide nausea"" #shorts",https://www.youtube.com/watch?v=3R1Fwhf02LE,Ozempic Nausea Getting Worse? Try These 5 Fixes,['ate'],data_raw/youtube_comments.jsonl,"i took my first ozempic shot yesterday. i am at the point where i can’t even take any solid food. and believe me, i was eating bland food and a smaller portion. i couldn’t even eat toast. i just ate an apple because i was desperate to have something.i called my doctor today and he never called me back. which makes me even more upset. hopefully i hear from him tomorrow. i’m just afraid i’m going to be throwing up every day for the next week until i can stop taking this medication.","""semaglutide nausea"" #shorts   ozempic nausea getting worse? try these 5 fixes i took my first ozempic shot yesterday. i am at the point where i can’t even take any solid food. and believe me, i was eating bland food and a smaller portion. i couldn’t even eat toast. i just ate an apple because i was desperate to have something.i called my doctor today and he never called me back. which makes me even more upset. hopefully i hear from him tomorrow. i’m just afraid i’m going to be throwing up every day for the next week until i can stop taking this medication.",['ate'],True,True
3R1Fwhf02LE,Ugxlv64OsO4--ArPpfV4AaABAg,"Im T2D in obese , I started my journey at 208lbs. Im not 197 at week 4. I took my 5th dose Thursday, that was also my last weight check. I could not tolerate taking Ozempic, Victoza and Trulicity. I am currently taking Mounjaro and feel great! the only side effects i had were headache the first week, sulfur burps that still continue but was not often , like maybe 1 burp every 2 hrs or sometimes 1 an hr. skip some hours and repeat, the more im on it the less they get. I had severe diarreah from the others, but i am constipated with Mounjaro. I am using Miralax. I am so happy i can get full after a very small normal amount of food where i never could feel full before. I think its aomething some diabetics get. And i am not having cravings like i used to for a bunch of junk. I can enjoy a few bites of something delicous and stop eating it! I never could do that before. I am so blessed. I did take Trulicity fighting the nauseau and then eventually got diarreah every 3rd day of my shot after about 6 months i had to stop. That was the longest i was on one but has the sick feeling from day 1. Mounjaro doesn't make me feel sick like the others did. I am hoping the Mounjaro continues to work for me because none of the others took away my cravings or made me feel full so i prob over ate on them.",2,2025-01-13T04:20:49Z,UCv1ZLDGJLoe3iWC5vb5Diiw,"""semaglutide nausea"" #shorts",https://www.youtube.com/watch?v=3R1Fwhf02LE,Ozempic Nausea Getting Worse? Try These 5 Fixes,['ate'],data_raw/youtube_comments.jsonl,"im t2d in obese , i started my journey at 208lbs. im not 197 at week 4. i took my 5th dose thursday, that was also my last weight check. i could not tolerate taking ozempic, victoza and trulicity. i am currently taking mounjaro and feel great! the only side effects i had were headache the first week, sulfur burps that still continue but was not often , like maybe 1 burp every 2 hrs or sometimes 1 an hr. skip some hours and repeat, the more im on it the less they get. i had severe diarreah from the others, but i am constipated with mounjaro. i am using miralax. i am so happy i can get full after a very small normal amount of food where i never could feel full before. i think its aomething some diabetics get. and i am not having cravings like i used to for a bunch of junk. i can enjoy a few bites of something delicous and stop eating it! i never could do that before. i am so blessed. i did take trulicity fighting the nauseau and then eventually got diarreah every 3rd day of my shot after about 6 months i had to stop. that was the longest i was on one but has the sick feeling from day 1. mounjaro doesn't make me feel sick like the others did. i am hoping the mounjaro continues to work for me because none of the others took away my cravings or made me feel full so i prob over ate on them.","""semaglutide nausea"" #shorts   ozempic nausea getting worse? try these 5 fixes im t2d in obese , i started my journey at 208lbs. im not 197 at week 4. i took my 5th dose thursday, that was also my last weight check. i could not tolerate taking ozempic, victoza and trulicity. i am currently taking mounjaro and feel great! the only side effects i had were headache the first week, sulfur burps that still continue but was not often , like maybe 1 burp every 2 hrs or sometimes 1 an hr. skip some hours and repeat, the more im on it the less they get. i had severe diarreah from the others, but i am constipated with mounjaro. i am using miralax. i am so happy i can get full after a very small normal amount of food where i never could feel full before. i think its aomething some diabetics get. and i am not having cravings like i used to for a bunch of junk. i can enjoy a few bites of something delicous and stop eating it! i never could do that before. i am so blessed. i did take trulicity fighting the nauseau and then eventually got diarreah every 3rd day of my shot after about 6 months i had to stop. that was the longest i was on one but has the sick feeling from day 1. mounjaro doesn't make me feel sick like the others did. i am hoping the mounjaro continues to work for me because none of the others took away my cravings or made me feel full so i prob over ate on them.",['ate'],True,True
iaCTRnIkbsg,UgzHXGwpOKM1zruZ7B54AaABAg,"36 hours post initial dose. One of the worst symptoms after vomiting/nausea is HEADACHE from dehydration.  I have been taking tiny sips of peppermint tea and today added a few sips of vegetable broth with salt around 4PM but by midnight, am still burping broth taste! I know this medication slows the gut motility, but why isn't fluid being absorbed in the stomach, especially if I'm dehydrated? I've stuck with warm fluids b/c I know that's supposed to stimulate peristalsis. I've had 36 hours to think about how & why these symptoms are happening and how I could alleviate them. I'm wondering if by not being able to drink as much, if my HA is due in part to caffeine withdrawal. Ordered caffeine gum online to be delivered tomorrow. I'm used to having around 1-3 cups of hot tea per day (35mg caffeine ea.? roughly?) Also, this is a weird one, but is it possible that sugar-craving bacteria or yeast is dying off already and producing a HA b/c of toxins they release when their cells break apart? Maybe extra inflammation body-wide?",0,2025-06-02T05:20:36Z,UC6VVpckDQb3kMBxH6tSUj7g,"""semaglutide nausea"" #shorts",https://www.youtube.com/watch?v=iaCTRnIkbsg,Tips to Help Manage Your #Ozempic Side Effects,['dying'],data_raw/youtube_comments.jsonl,"36 hours post initial dose. one of the worst symptoms after vomiting/nausea is headache from dehydration.  i have been taking tiny sips of peppermint tea and today added a few sips of vegetable broth with salt around 4pm but by midnight, am still burping broth taste! i know this medication slows the gut motility, but why isn't fluid being absorbed in the stomach, especially if i'm dehydrated? i've stuck with warm fluids b/c i know that's supposed to stimulate peristalsis. i've had 36 hours to think about how & why these symptoms are happening and how i could alleviate them. i'm wondering if by not being able to drink as much, if my ha is due in part to caffeine withdrawal. ordered caffeine gum online to be delivered tomorrow. i'm used to having around 1-3 cups of hot tea per day (35mg caffeine ea.? roughly?) also, this is a weird one, but is it possible that sugar-craving bacteria or yeast is dying off already and producing a ha b/c of toxins they release when their cells break apart? maybe extra inflammation body-wide?","""semaglutide nausea"" #shorts   tips to help manage your #ozempic side effects 36 hours post initial dose. one of the worst symptoms after vomiting/nausea is headache from dehydration.  i have been taking tiny sips of peppermint tea and today added a few sips of vegetable broth with salt around 4pm but by midnight, am still burping broth taste! i know this medication slows the gut motility, but why isn't fluid being absorbed in the stomach, especially if i'm dehydrated? i've stuck with warm fluids b/c i know that's supposed to stimulate peristalsis. i've had 36 hours to think about how & why these symptoms are happening and how i could alleviate them. i'm wondering if by not being able to drink as much, if my ha is due in part to caffeine withdrawal. ordered caffeine gum online to be delivered tomorrow. i'm used to having around 1-3 cups of hot tea per day (35mg caffeine ea.? roughly?) also, this is a weird one, but is it possible that sugar-craving bacteria or yeast is dying off already and producing a ha b/c of toxins they release when their cells break apart? maybe extra inflammation body-wide?",['dying'],True,True
fF_3FsGbH6I,Ugzhym5JPQKopbx4j0p4AaABAg,"I had horrible mood effects, depressed, withdrawn, disconnected, brain fog etc..",30,2025-05-24T20:26:13Z,UC-FtoiiBoRTJr3sQzWqBvwQ,"""semaglutide nausea"" #shorts",https://www.youtube.com/watch?v=fF_3FsGbH6I,Ozempic in the ER: Side Effects of GLP-1 Receptor Agonists,['brain fog'],data_raw/youtube_comments.jsonl,"i had horrible mood effects, depressed, withdrawn, disconnected, brain fog etc..","""semaglutide nausea"" #shorts   ozempic in the er: side effects of glp-1 receptor agonists i had horrible mood effects, depressed, withdrawn, disconnected, brain fog etc..",['brain fog'],True,True
fF_3FsGbH6I,UgxnRPqWBKototK-3614AaABAg,"Hi Doctor finally I have somewhat of an explanation as to what happened to me on GLP-1. I was taking it for 2 months and not only was I severely constipated (but didn't know it until my hospitalization) because I was still having bowel movements, but suddenly one day I felt nauseas and sick all night finally started vomiting in the morning the next day but the vomit was all fluids, bile, and eventually coffee grounds. I threw up like 5 times all liquid. Then I suddenly had a feeling of unquenchable thirst and everytime I tried to drink any water I would throw it back up. I also had all night pain and cramping from my waist down through my legs. After the dying of thirst feeling and inability to even sip water I called an ambulance (I live alone). Long story short still thirsty after 5 IVs (Im not diabetic), and also I take Suboxone so they did an abdominal xray right after I pooped in the E/R bathroom and the doctor said I was severely and dangerously impacted even though I pooped. She couldn't believe I had gone BEFORE the xrays. Well I had an anion gap and my blood PH was only 7.1 I had metabolic acidosis, lots of ketones/ketosis, then my blood pressure was really low, and I landed in the ICU. They gave me a nasty magnesium citrate drink and other laxatives and I basically 💩 my brains out multiple times. So my question is did I go into ketosis and metabolic acidosis because I was so constipated? Because I was eating food I wasnt starving myself but once I had the nausea I couldn't eat all day of course. By the time I was vomiting no food was in my stomach but I had eaten the day before so what exactly caused that ketosis and subsequent acidosis?  I cant take GLP-1 because between that and the suboxone the constipation gets so severe. Recently I landed in the hospital vomiting fluids non stop and unable to keep water down yet this time I did not have the ketosis or acidosis only the severe fecal impaction again. And I have no idea I'm impacted until they do an x-ray and tell me. Any feedback would be appreciated.",0,2026-03-23T01:44:23Z,UCtqmsl4h_2PxU4hQgs_J7HQ,"""semaglutide nausea"" #shorts",https://www.youtube.com/watch?v=fF_3FsGbH6I,Ozempic in the ER: Side Effects of GLP-1 Receptor Agonists,['dying'],data_raw/youtube_comments.jsonl,"hi doctor finally i have somewhat of an explanation as to what happened to me on glp-1. i was taking it for 2 months and not only was i severely constipated (but didn't know it until my hospitalization) because i was still having bowel movements, but suddenly one day i felt nauseas and sick all night finally started vomiting in the morning the next day but the vomit was all fluids, bile, and eventually coffee grounds. i threw up like 5 times all liquid. then i suddenly had a feeling of unquenchable thirst and everytime i tried to drink any water i would throw it back up. i also had all night pain and cramping from my waist down through my legs. after the dying of thirst feeling and inability to even sip water i called an ambulance (i live alone). long story short still thirsty after 5 ivs (im not diabetic), and also i take suboxone so they did an abdominal xray right after i pooped in the e/r bathroom and the doctor said i was severely and dangerously impacted even though i pooped. she couldn't believe i had gone before the xrays. well i had an anion gap and my blood ph was only 7.1 i had metabolic acidosis, lots of ketones/ketosis, then my blood pressure was really low, and i landed in the icu. they gave me a nasty magnesium citrate drink and other laxatives and i basically 💩 my brains out multiple times. so my question is did i go into ketosis and metabolic acidosis because i was so constipated? because i was eating food i wasnt starving myself but once i had the nausea i couldn't eat all day of course. by the time i was vomiting no food was in my stomach but i had eaten the day before so what exactly caused that ketosis and subsequent acidosis?  i cant take glp-1 because between that and the suboxone the constipation gets so severe. recently i landed in the hospital vomiting fluids non stop and unable to keep water down yet this time i did not have the ketosis or acidosis only the severe fecal impaction again. and i have no idea i'm impacted until they do an x-ray and tell me. any feedback would be appreciated.","""semaglutide nausea"" #shorts   ozempic in the er: side effects of glp-1 receptor agonists hi doctor finally i have somewhat of an explanation as to what happened to me on glp-1. i was taking it for 2 months and not only was i severely constipated (but didn't know it until my hospitalization) because i was still having bowel movements, but suddenly one day i felt nauseas and sick all night finally started vomiting in the morning the next day but the vomit was all fluids, bile, and eventually coffee grounds. i threw up like 5 times all liquid. then i suddenly had a feeling of unquenchable thirst and everytime i tried to drink any water i would throw it back up. i also had all night pain and cramping from my waist down through my legs. after the dying of thirst feeling and inability to even sip water i called an ambulance (i live alone). long story short still thirsty after 5 ivs (im not diabetic), and also i take suboxone so they did an abdominal xray right after i pooped in the e/r bathroom and the doctor said i was severely and dangerously impacted even though i pooped. she couldn't believe i had gone before the xrays. well i had an anion gap and my blood ph was only 7.1 i had metabolic acidosis, lots of ketones/ketosis, then my blood pressure was really low, and i landed in the icu. they gave me a nasty magnesium citrate drink and other laxatives and i basically 💩 my brains out multiple times. so my question is did i go into ketosis and metabolic acidosis because i was so constipated? because i was eating food i wasnt starving myself but once i had the nausea i couldn't eat all day of course. by the time i was vomiting no food was in my stomach but i had eaten the day before so what exactly caused that ketosis and subsequent acidosis?  i cant take glp-1 because between that and the suboxone the constipation gets so severe. recently i landed in the hospital vomiting fluids non stop and unable to keep water down yet this time i did not have the ketosis or acidosis only the severe fecal impaction again. and i have no idea i'm impacted until they do an x-ray and tell me. any feedback would be appreciated.",['dying'],True,True
lg3Ch0g3eHA,Ugy0z_f15ngVdNAcJX14AaABAg,"Injected lastnight 7.5 mg.. i didnt have issues on the previous doses. Today i had asmall meal , and laiddown in the park, well now 7 hours afterwards food is undigested, and coming up when I belch. Im miserable with a stomach of undigested food  . All i had is a cup of cooked high protein pasta and soya bits.",0,2026-05-26T04:06:32Z,UCt9lRDtpfbn2du4c5dBlLAw,"""semaglutide nausea"" #shorts",https://www.youtube.com/watch?v=lg3Ch0g3eHA,"HOW TO MINIMIZE OZEMPIC (GLP1) SIDE EFFECTS! (Ozempic, Wegovy, Mounjaro, Zepbound etc)",['cooked'],data_raw/youtube_comments.jsonl,"injected lastnight 7.5 mg.. i didnt have issues on the previous doses. today i had asmall meal , and laiddown in the park, well now 7 hours afterwards food is undigested, and coming up when i belch. im miserable with a stomach of undigested food  . all i had is a cup of cooked high protein pasta and soya bits.","""semaglutide nausea"" #shorts   how to minimize ozempic (glp1) side effects! (ozempic, wegovy, mounjaro, zepbound etc) injected lastnight 7.5 mg.. i didnt have issues on the previous doses. today i had asmall meal , and laiddown in the park, well now 7 hours afterwards food is undigested, and coming up when i belch. im miserable with a stomach of undigested food  . all i had is a cup of cooked high protein pasta and soya bits.",['cooked'],True,True
lllEqhWGrM8,UgwzPfWEypn5puNruNx4AaABAg,"yohimbine tolerance is the problem...I am 230 so I would need 20 mg of that thing , I can only tolerate 5 mg . More than that and I feel like dying .",1,2023-11-07T16:12:18Z,UCgEg17OipLsZ0buaCeeN7eQ,"""fat burner review"" #shorts",https://www.youtube.com/watch?v=lllEqhWGrM8,3 Fat Loss Supplements that ACTUALLY Work #shorts,['dying'],data_raw/youtube_comments.jsonl,"yohimbine tolerance is the problem...i am 230 so i would need 20 mg of that thing , i can only tolerate 5 mg . more than that and i feel like dying .","""fat burner review"" #shorts   3 fat loss supplements that actually work #shorts yohimbine tolerance is the problem...i am 230 so i would need 20 mg of that thing , i can only tolerate 5 mg . more than that and i feel like dying .",['dying'],True,True
ZBEOdXKEl-w,UgxIQn5BF9N4XJVok_p4AaABAg,Excise kero fr body v fit honi naal he fresh v feel keruge Bina mehnat sy khuch nahi milta,15,2023-01-12T16:29:28Z,UCuePVEDH_5aoOGbJpcVS03Q,"""fat burner review"" #shorts",https://www.youtube.com/watch?v=ZBEOdXKEl-w,Viral Weight Loss Tape| Flat Tummy in 30 Days #shorts #youtubeshorts,['fr'],data_raw/youtube_comments.jsonl,excise kero fr body v fit honi naal he fresh v feel keruge bina mehnat sy khuch nahi milta,"""fat burner review"" #shorts   viral weight loss tape| flat tummy in 30 days #shorts #youtubeshorts excise kero fr body v fit honi naal he fresh v feel keruge bina mehnat sy khuch nahi milta",['fr'],True,True
