video_id,comment_id,text,like_count,published_at,author_channel_id,query,video_url,video_title,slang_hits,source_file
zcLazzHXgqQ,UgwQYhLlmJOqyAK3pgF4AaABAg,"first brain fog, then dizzy, loss of feeling in hands. Lost 2 lbs in 4 mos. Explosive diarrhea or constipation. Quit taking 6 weeks ago. feel  astonishingly bad. I am diabetic only need to loose 30 lbs. Now I cannot walk without dizzy and falling. Rx from doc. Neighbor was flat on back in misery. Not walking when you have severe diarrhea IS A BIG problem.",4,2024-03-10T18:42:10Z,UCtDAAoooDngCv5SeSRi0CXg,"""ozempic side effects"" #shorts",https://www.youtube.com/watch?v=zcLazzHXgqQ,New Ozempic and Wegovy side effects come to light,['brain fog'],data_raw/youtube_comments.jsonl
1OWUB4gkUnA,Ugw1tiaZJlc--U1CJRp4AaABAg,"I've never injected myself before with medication I started ozempic only 1 week ago lost 1.2kg on 0.25 
I've followed instructions no pain at all on injection site.
I ate food then injected no ill side affect just woke up really thirsty first night keep fluids up,the rest of the days waking up less thirsty.
I'm.suprised I lost weight first week I have type 2 diabetes",0,2022-03-16T06:36:28Z,UC2cUklAVuIN8TAj2mTyacrw,"""ozempic side effects"" #shorts",https://www.youtube.com/watch?v=1OWUB4gkUnA,"Ozempic - Uses, dose, benefits and side effects",['ate'],data_raw/youtube_comments.jsonl
MNMp1JONuVQ,Ugxt-CR86W9EtJVnLNV4AaABAg,I have always said that the mind is the last thing we will understand because usually by the time that it can be examined the person is dead. And for those people that have a habitual problem have to determine if their chemistry has a propensity that has to be overcomed. Just as psych meds have helped people deal with mental health issues you need to find what is it that your body needs to deal with it.,3,2023-06-26T00:57:52Z,UCc1gWPblgdFQdgiEmzOwxvQ,"""glp1 journey"" #shorts",https://www.youtube.com/watch?v=MNMp1JONuVQ,Episode 13:  Rosie O&#39;Donnell Shows Up for Weight Loss Meds,['dead'],data_raw/youtube_comments.jsonl
50XneImooFc,UgwZrPIcSyF7phktzx94AaABAg,"I have has  NO side effects first 3 weeks(first 3 shots) of Zepbound….even got thru Thanksgiving eating all the rich foods but in great moderation. Then this past Thursday I ate more at dinner than I normally do( so delicious but rich I don’t normally eat red meat like that) and that night my  stomach cramped all night, it was like a cramping you get  when you think you’re gonna have diarrhea, but I didn’t. I was constipated and kept doing little movements and suddenly in the morning I had massive diarrhea and then I was fine. It scared me so I don’t know if I should stop taking it or not. I don’t understand why this happened suddenly.",1,2025-12-07T15:56:13Z,UC9xrl41eGk9oML0mdFrZTEg,"""mounjaro side effects"" #shorts",https://www.youtube.com/watch?v=50XneImooFc,Obesity Doctor: Mounjaro Side Effects #shorts,['ate'],data_raw/youtube_comments.jsonl
MzTCwlOM64Y,Ugz-eRkA7PZXLVVEDlN4AaABAg,"I have been on Monjaro almost three months. I have had no side effects. Because I immediately changed how I ate and added exercise. I agree that. You may be on it forever if you don’t change. But I disagree because if you make the lifestyle changes, I think you can eventually get off it and keep the weight off with good habits",41,2024-03-18T00:27:48Z,UC3154NbNESsqHjNiCTEI1Qg,"""mounjaro side effects"" #shorts",https://www.youtube.com/watch?v=MzTCwlOM64Y,The Best MOUNJARO Alternative (Without the Side Effects) - Dr. Berg,['ate'],data_raw/youtube_comments.jsonl
MzTCwlOM64Y,UgxMzZyKf6nI_Tcouf14AaABAg,"I have type 2 diabetes and was on Mounjaro for two years. I stopped taking it a few months ago because I felt so fatigued that I could barely function. My diet didn’t change much—I just ate less—but I had almost no energy, even for a simple walk. A friend had to come over to help me clean because I was so exhausted.

On top of that, I started dreading the injections because they made me feel like I was going to throw up, and the nausea lasted for three days. It really impacted my quality of life. Over two years, I lost a total of 22 pounds while on the 5 mg dose. Every time I tried increasing it, I experienced severe stomach pain and almost ended up in the hospital.

Since stopping Mounjaro, I’ve been constantly sick. I had a severe two-week illness with nonstop vomiting, followed by two sinus infections that turned into bronchitis—one in February and now again in March. I live in Florida and rarely get sick, so this is really unusual for me. I’m not sure if my body is trying to cleanse itself or if Mounjaro may have affected my immune system.",3,2025-03-25T05:02:53Z,UCBk7TO4bA-S1zZeZOVtcEmQ,"""mounjaro side effects"" #shorts",https://www.youtube.com/watch?v=MzTCwlOM64Y,The Best MOUNJARO Alternative (Without the Side Effects) - Dr. Berg,['ate'],data_raw/youtube_comments.jsonl
MzTCwlOM64Y,UgwILAK5-ILnFSZ0mCx4AaABAg,"Anyone here who is Mounjaro - resistant? I have been taking it for 14 weeks now and nothing is happening (different intensities). Any suggestion if in case you are on the same dead end , any other drug - ozempic etc would work ?",4,2025-01-26T13:55:44Z,UC9zgUs3tklKAPViTkp_mkhQ,"""mounjaro side effects"" #shorts",https://www.youtube.com/watch?v=MzTCwlOM64Y,The Best MOUNJARO Alternative (Without the Side Effects) - Dr. Berg,['dead'],data_raw/youtube_comments.jsonl
hpRmQ6QKi2E,UgyUWO8B62zy_Mkmchd4AaABAg,"I experienced mild depression, combined with brain fog, and feeling withdrawn, anti social starting on day 4.....",18,2025-05-02T01:05:33Z,UC-FtoiiBoRTJr3sQzWqBvwQ,"""mounjaro side effects"" #shorts",https://www.youtube.com/watch?v=hpRmQ6QKi2E,Managing Mounjaro Side Effects: Strategies for Minimizing Risks | Wave Plastic Surgery,['brain fog'],data_raw/youtube_comments.jsonl
Dqe5hAnUxqg,Ugyfkc2un7mwgQFk4cx4AaABAg,The question is if an individual is morbidly obese let's say 250 kg and well they cannot lose weight even with various programmes let's say from factors like lack of willpower or watnot wouldn't glp 1 drugs like ozempic be much better for them cause their chances of death on their size is much more compared dying from any side effect of that drug,1,2025-09-24T12:52:49Z,UCscZM6k9yDddk2FF7Z7ZXHg,"""mounjaro side effects"" #shorts",https://www.youtube.com/watch?v=Dqe5hAnUxqg,The Truth About Mounjaro Side Effects,['dying'],data_raw/youtube_comments.jsonl
VQmomDREd5E,Ugx3nlWpWA0PTP4S1x54AaABAg,"Go for a walk after every meal & instead of doing your hair, face & nails.
Chew your food.   Eat whole food.  No snacking. 
Stop being lazy & shallow. 
Put the damn fork down & push away fr the table.",0,2026-03-18T15:05:13Z,UC0FSFN1RRmBgOd1uWQpl8SQ,"""mounjaro side effects"" #shorts",https://www.youtube.com/watch?v=VQmomDREd5E,Mounjaro 5mg 💩 NEW Side Effect #shorts #mounjaro #weightloss,['fr'],data_raw/youtube_comments.jsonl
Aypzrls4Mn0,UgytQKfmSlZ4vRT3VqF4AaABAg,"As someone with a long history of pretty severe IBS-D, the constipatory effects of Mounjaro have actually been a welcomed change, lol. What I have struggled with the most is the fatigue and the lack of interest and investment brought on by the dopamine blunting. As someone who has had problems in the past with depression, it's causing a concerningly familiar apathy and lack of motivation. I noticed it get much more pronounced at the 7.5 dose and then when I tried to go up to 10, I felt like I was dying between the fatigue and the emotional disassociation I was feeling. I have weaned back down to a dose of 5mg and feel like this is giving me the best balance between benefits and side effects.",12,2025-11-10T19:30:48Z,UCJFZUa4bUoORPiCJhyMWxcg,"""mounjaro side effects"" #shorts",https://www.youtube.com/watch?v=Aypzrls4Mn0,5 Common Ozempic &amp; Mounjaro Side Effects—and How to AVOID Them!,['dying'],data_raw/youtube_comments.jsonl
Aypzrls4Mn0,UgyryJNWPDBtQSHpP5N4AaABAg,"I wish I had constipation! Had the opposite for 20 years, tried cutting everything out, just ate meat... still the same.",2,2025-07-15T23:16:51Z,UCD06w6h3ikCwpygBZCnsEQA,"""mounjaro side effects"" #shorts",https://www.youtube.com/watch?v=Aypzrls4Mn0,5 Common Ozempic &amp; Mounjaro Side Effects—and How to AVOID Them!,['ate'],data_raw/youtube_comments.jsonl
q7gORBNYik0,UgylWT66s-BsCjbO9dR4AaABAg,"Thank you Fr Kevin, as a fellow healthcare worker ( RN) of over 30 years I'm also a huge proponent of these GLP agonists.  Lifestyle changes and patient education is paramount while using these medications.  Always great content, thank you.  Dana",17,2025-07-30T11:50:13Z,UCb2cEjsVgkJ4oxaauAUh19w,"""mounjaro side effects"" #shorts",https://www.youtube.com/watch?v=q7gORBNYik0,7 DEADLY Ozempic &amp; Mounjaro Side Effects You MUST Know Before Starting!,['fr'],data_raw/youtube_comments.jsonl
q7gORBNYik0,UgxXYe3dcncOxRvnecJ4AaABAg,I'm on Glp-1  zepbound 2.5 I am keeping an eye on my pancreas but I noticed when I was on keto and I switched over to a more fat protein based diet but if I ate sweets and flooded my system with insulin that's when I would get a pancreatic episode . I am trying to be more balanced on the shot . So far not a lot of side effects I do get some bouts of nausea I run a little bit more on the constipated side so I take magnesium at bedtime and I do get some injection swelling after a couple of days it seems to happen more when I take a bath I'm keeping an eye on it to see does it just swell on its own or is it because I'm taking a bath and I'm in hot water.,0,2025-12-08T07:49:54Z,UC6aKwMZwGHKB3AD_72Ya6tg,"""mounjaro side effects"" #shorts",https://www.youtube.com/watch?v=q7gORBNYik0,7 DEADLY Ozempic &amp; Mounjaro Side Effects You MUST Know Before Starting!,['ate'],data_raw/youtube_comments.jsonl
GDeZ7UvTtXA,UgzdlYT0xX4PtvbLvZV4AaABAg,"Not my story with GLP-1
  
I started in Jan. After purchasing 3 month supply. 
I bought in Nov. And was nervous about trying do to side effects. I do not do well with nausea and vomiting.  
But... I had the drugs. So I made new years resolution.
And finally tried it. 
I calmed my nerves because only 7 percent of people experienced side effects. 
With the thought of 93% experience minimal or no side effects and not having any history of side effects from any medication in my life. I was able to make the injection. 
I only took for six weeks. 
By this time. The providers reached 3 months and sent a request to renew. 
The deal breaker was the price for me. I didn't renew.
For the 6 weeks.... I lost 15 lbs.
I only experience on side effect. Is the one the drug is supposed to cause. 
Loss of appetite. 
Since I stopped... 2.5 months ago... my appetite has not returned. 
I do not eat breakfast 
I do not eat lunch
I eat dinner every night at 7p.
I work to midnight.
When I eat.
I am satisfied with 4-5 hotwings. And not even slightly  hungry until 7p again. 
EXAMPLE - I bought panda express. I have fried rice... beef and broccoli... honey walnut shrimp... 2 spring rolls.
I ate both spring rolls and 1 piece of shrimp for dinner. 
It's now 1230 am and the rest of that entire meal is sitting next to me and I am not really hungry. 
As a result of not regaining my appetite..
 I have lost an additional 15 lbs. 
Now we are start of May and I have dropped 31 lbs.
I have not worked out a single time. 
I did purchase planet fitness membership. 
I thought I would work out and run when I lost enough weight that I could tolerate the pain in my knee..
I am 5'5"" and started at 251 lbs.
I am now 219 lbs.",64,2025-05-07T07:36:45Z,UCiG3NFb4uks4TGe2ZkkB85A,"""mounjaro side effects"" #shorts",https://www.youtube.com/watch?v=GDeZ7UvTtXA,There are definite negatives. Top5 downsides of #glp1 meds #ozempic #wegovy #mounjaro,['ate'],data_raw/youtube_comments.jsonl
t3cfmbfKouY,UgzClFrXSECgYs3w8Nh4AaABAg,I lost 13.4 kg on ozempic the last week i lost 100gr .I ate more proteien . Can you eat to much proeteien that stops weight loss?,4,2025-02-11T08:37:53Z,UCkPFI0aDYFPR3rPHxCN_NNA,"""mounjaro side effects"" #shorts",https://www.youtube.com/watch?v=t3cfmbfKouY,If On OZEMPIC &amp; MOUNJARO Avoid These Foods To Prevent Side Effects!,['ate'],data_raw/youtube_comments.jsonl
BR2djr_sqNM,UgyLeRgc1m2g2-EyM7d4AaABAg,I ended up in the ER because of Ozempic. Thought I was dying I felt so bad. Beware!,18,2023-09-02T02:54:20Z,UCfItphjirH9ObcpygLginWQ,"""mounjaro side effects"" #shorts",https://www.youtube.com/watch?v=BR2djr_sqNM,People who took popular weight loss drugs say their stomachs are paralyzed,['dying'],data_raw/youtube_comments.jsonl
_rcQQS_LSJA,UgyuQ5TR_vWHfJ4xzcd4AaABAg,I’ve been on it for about 10 months. I’ve lost 24 pounds. I love this medicine. I haven’t had any side effects. Maybe one night I had a little nausea when I ate too much.,25,2024-11-13T18:01:08Z,UCUxK1ovVU_b7YZKEWPXABOw,"""mounjaro side effects"" #shorts",https://www.youtube.com/watch?v=_rcQQS_LSJA,How much weight can you lose with Mounjaro? 🤷🏻‍♂️👨🏻‍⚕️ #mounjaro #doctor #obesity,['ate'],data_raw/youtube_comments.jsonl
_rcQQS_LSJA,Ugz5Vd9g2Yn2uJiBHEx4AaABAg,I lost 177 pounds in 8 months. I barely ate. I drunk a lot of water.,0,2026-04-21T20:29:20Z,UCq3fkWd83UFbSu2-1tspvyw,"""mounjaro side effects"" #shorts",https://www.youtube.com/watch?v=_rcQQS_LSJA,How much weight can you lose with Mounjaro? 🤷🏻‍♂️👨🏻‍⚕️ #mounjaro #doctor #obesity,['ate'],data_raw/youtube_comments.jsonl
uqek00T0mRo,UgxRSguid-EFO52Eqdl4AaABAg,After 14 months on mounjaro and 140 pound weight loss I finally gave in and ate my favorite pepperoni pizza. Four hours later I had to call squad as I just felt like I was dying. Worst pain I’ve ever felt and 12 hours after I had eaten the pizza I finally vomited what seemed like pure grease. I never want to eat pizza again. Lesson learned.,375,2025-10-18T22:19:34Z,UC3-iZbMXfiGGcsERFwUvnNQ,"""mounjaro side effects"" #shorts",https://www.youtube.com/watch?v=uqek00T0mRo,Stop Eating These Foods on Ozempic &amp; Mounjaro Before It’s Too Late,"['ate', 'dying']",data_raw/youtube_comments.jsonl
uqek00T0mRo,UgwKIhiolP5srSUTfZd4AaABAg,"I found out fast that anything acidic, spicy, or fried was out!
I have to eat a bland diet and only cooked vegetables because I can't digest anything raw.",28,2025-11-05T19:35:52Z,UCadkD9S_-YbA0XfcrBzvyaA,"""mounjaro side effects"" #shorts",https://www.youtube.com/watch?v=uqek00T0mRo,Stop Eating These Foods on Ozempic &amp; Mounjaro Before It’s Too Late,['cooked'],data_raw/youtube_comments.jsonl
uqek00T0mRo,UgzQqBzukImH4fVLxP54AaABAg,I m 61 yrs old i only hope i loose some weight like u all hv lost . First week was ok . No stomach issues was craving for food  nd cud digest what I ate . Today I hv taken second shot .  Hv been constipated nd feel like I won't be able to hv my dinner now .     I won't force eat .    Hope to loose some weight this week,2,2026-04-21T15:01:14Z,UCFsiZWcYHDecw3NJ_YCCWYA,"""mounjaro side effects"" #shorts",https://www.youtube.com/watch?v=uqek00T0mRo,Stop Eating These Foods on Ozempic &amp; Mounjaro Before It’s Too Late,['ate'],data_raw/youtube_comments.jsonl
hMC3dMUX48A,UgyQgpRRQtNWgj7jEkp4AaABAg,Took my first jab 2.5mg and iv ate a lot today for some reason,2,2025-07-05T04:24:22Z,UCbyYH-GFqUedkv6Q9iGO4EA,"""mounjaro side effects"" #shorts",https://www.youtube.com/watch?v=hMC3dMUX48A,How long does it take for Mounjaro to start working?,['ate'],data_raw/youtube_comments.jsonl
wIb0aqHXvq8,UgzeQkfdL8V_ks9zo0R4AaABAg,I’m on Mounjaro started 2 weeks ago. My brain fog has cleared. Lifted my mood . I do fitness classes at my local health and fitness centre walk everywhere . People don’t seem to realise   It just an easy fix you have to do the work with it. You have to change the type of food you consume. No point taking the weight loss then eating the same unhealthy junk food you have always consumed but just less of it.❤❤,133,2025-09-03T06:31:28Z,UCI1YtO0W5Vse8jx0URA0A3Q,"""mounjaro side effects"" #shorts",https://www.youtube.com/watch?v=wIb0aqHXvq8,The Surprising Side Effects Of Ozempic,['brain fog'],data_raw/youtube_comments.jsonl
Ov2yt91QMkY,UgyiywtEWxm9LM3Ju8x4AaABAg,"The first time I had them was in 2024 it was so so bad alone with real bad upper stomach pain, and I did not have them at all in 2025 thank you Jesus! But on Friday January 23rd 2026 OMG I had them again all that day and I thought i wasn't going to have the upper stomach pains but I did it was bad but not as bad as in 2024, I didn't have any on yesterday, but today Sunday during the day I started having them again, I tried to backtrack with I ate today, that I may have eaten on Friday and the only I thought was I ate liquid egg whites on Friday, but today I ate 2 peanut butter cookies and I went back and read the ingredients, and eggs was one of them, so it could be the eggs that's a trigger food for me.",0,2026-01-26T02:59:07Z,UCoIEE6hxXNboAXzToKs0-bw,"""mounjaro side effects"" #shorts",https://www.youtube.com/watch?v=Ov2yt91QMkY,Mounjaro Side Effects: Sulphur Burps | Nurse Tips for GLP-1 Digestive Issues | Medicspot,['ate'],data_raw/youtube_comments.jsonl
LONpwZcdKfU,UgzxXbns1fnIY0ADz7Z4AaABAg,"I feel like an absolute outcast.

I feel like I’m the only person who Mounjaro hasn’t worked for. From 2.5mg all the way upto 15mg. Virtually no dramatic difference.

Side affects - I was tired, I had the sulphur burbs, headaches every now and again but regarding weight loss, nothing significant.

I trained, I got my steps in, I ate less (admittedly not always hitting my protein goal). Had a female friend who absolutely smashed it. She doesn’t train often, she doesn’t eat the best but the weight flew off.

I’m currently trying Reta - trying to see where it can get me!",0,2026-05-18T20:16:42Z,UC-EWO-Y-HhkVvfGFadmT72g,"""mounjaro side effects"" #shorts",https://www.youtube.com/watch?v=LONpwZcdKfU,I Take Mounjaro… These are my Side Effects,['ate'],data_raw/youtube_comments.jsonl
LONpwZcdKfU,UgzhVzLIjxKeZsWmvrV4AaABAg,I had the tiredness first time around. I've restarted and I don't get it this time. 3 weeks in. I'm working out hard as well. First time I was also on statins that have a similar brain fog side effect. I almost had to stop first time around but this time it's so far so good on 2.5. I do find TV boring now and play Marathon on PC as it's high dopemean game. I will buy a 5mg pen and do half dose going forward. When I came off I regained and I was still eating pretty good. Make sure you hydrate and eat enough protein.,2,2026-05-13T06:59:44Z,UCsiZ9YemU6dWSeldjPs92IQ,"""mounjaro side effects"" #shorts",https://www.youtube.com/watch?v=LONpwZcdKfU,I Take Mounjaro… These are my Side Effects,['brain fog'],data_raw/youtube_comments.jsonl
uU3Rw0XYolc,Ugw6t9XI5f76HUDnLxF4AaABAg,"Hello Dr. I am a 350 lb man, started Tirzepatide at 370, 6 weeks ago…. But , in the last 4 weeks I have not dropped a single pound, even though I am eating 1800 calories per day, and 100+ grams of protein. I weigh my food, drink only water (one cup of coffee each morning), I am very active also, yet I don’t understand this stall! 

I have ate a low calorie 1200-1600 diet in the past and lost over a 100 lbs several times, but I’ve never stalled like this for 4 full weeks?? 

The medicine has made it hard for me to even get 1800 calories in each day, as I fill up so quickly, and haven’t been hungry since I started! 

Any thoughts on why the stall, and how long is a normal expectation before losing should pick up again? 

By the way I’m on 5mg currently for 2 more weeks, then to 7.5, and no side effects so far!",1,2026-02-24T16:15:34Z,UCbjTCmzvo3dYn5bkMnP28Kw,"""mounjaro side effects"" #shorts",https://www.youtube.com/watch?v=uU3Rw0XYolc,Doctor Explains The REAL Side Effects of Ozempic &amp; Mounjaro (not what you think),['ate'],data_raw/youtube_comments.jsonl
xDvDOres_wA,Ugxs38YNKVPHgbEg4IV4AaABAg,"This drug has been life altering for me. Was thin all my life-- active and ate healthy.  Started gaining weight in my mid 40s and couldn't lose it. My thyroid was removed and that made it worse. My endo said i was heading towards diabetes. Since taking this med I've been able to lose a lot of weight and be more active, able to enjoy riding my bike again, go to the gym. Working on breaking my sugar addiction too. But I'm fortunate that I can drive down to Mexico to buy it. Otherwise I'd never be able to afford it.",145,2023-05-21T20:15:35Z,UC3DO77IfQROYItNxbd6yhcA,"""mounjaro side effects"" #shorts",https://www.youtube.com/watch?v=xDvDOres_wA,WARNING Do NOT take Ozempic or Mounjaro until you watch this,['ate'],data_raw/youtube_comments.jsonl
Aq-R9jQOImI,Ugzp4_5DDETeZlQ--ad4AaABAg,Your hunger increases more then you ever were hungry ever  I know others who stoped and ate and ate never got full,0,2026-01-26T00:11:11Z,UCcVtstvM0wFG0SjQKGIgnOg,"""mounjaro side effects"" #shorts",https://www.youtube.com/watch?v=Aq-R9jQOImI,What Happens When You Stop Taking GLP-1 Medications?,['ate'],data_raw/youtube_comments.jsonl
Aq-R9jQOImI,UgxCzejnwNMJikdyP9J4AaABAg,"Here’s what you need to know your hunger comes back 10 times over hungrier than you’ve ever been in your entire life. I’m in the middle of writing a book. Nobody can go to the bathroom. People  are living on laxatives cause they cannot poop that’s not funny whoever is laughing just wait till  you go   off this medicine you’ll see cause I see it all the time it’s not a normal diet medication. It’s for people that have high blood sugar and then they give it to people that don’t when you’re done taking it. Your brain will think oh my God I gotta eat. I have to eat eat eat eat. ,everyday my sugar would drop low. I had no energy I was weak. The shot whether you’re diabetic or not your blood sugar is getting lowered by the medicine that it is made to do for diabetics. The reason people asking for to get increased, their dosage is because the one they were taking isn’t working anymore. They’re still hungry and they’re eating once you reached your level and there is no more level to go and you have to get off it and there’s no micro dosing. You can’t microdose something that you’ve had 2 mg or higher and go low for a little bit. It does not work 100% you will gain all of your weight back. There are  lawsuits now with Ozempic Wegovy and I don’t know either which ones cause everyone has complications. The food that you ate two weeks ago was still in your upper stomach, so that’s why nobody can go to the bathroom nobody they’re living on laxatives mineral oil, MiraLAX, all of it. Slows the digestion  system to slow",0,2026-03-08T14:26:51Z,UCcVtstvM0wFG0SjQKGIgnOg,"""mounjaro side effects"" #shorts",https://www.youtube.com/watch?v=Aq-R9jQOImI,What Happens When You Stop Taking GLP-1 Medications?,['ate'],data_raw/youtube_comments.jsonl
QDYQ_4gsiOU,UgyyW5zjN14nUo8AyBp4AaABAg,I tried everything to lose weight. The only way I could do it was with weight loss injections. My body does NOT RESPOND TO DIETICIAN DIETS. I hardly eat but gain weight. I’m on meds that tell you high weight gain specifically. No one believed me that I didn’t eat until my new boyfriend fed me daily and watched what I ate daily. He was shocked at my constant weight gain despite eating in a calorific deficit. I believe I am insulin resistant but the GP says Insulin resistance doesn’t exist. Just like 10 years ago they said ME and Fybromyalgia didn’t exist. (I was diagnosed with Fybro 17 years ago).,13,2025-05-03T22:27:16Z,UCX5Cs-H18VuTsDxuL9Rbx0Q,"""mounjaro side effects"" #shorts",https://www.youtube.com/watch?v=QDYQ_4gsiOU,Oprah on why she turned to weight loss drugs,['ate'],data_raw/youtube_comments.jsonl
QDYQ_4gsiOU,Ugy2cT-ONdSejALNAr54AaABAg,"My dad ate nothing and was still grossly overweight.  Yeah, something else is going on.",79,2024-03-21T03:22:17Z,UCJtjrbGqMKtibd6LB0DMVyA,"""mounjaro side effects"" #shorts",https://www.youtube.com/watch?v=QDYQ_4gsiOU,Oprah on why she turned to weight loss drugs,['ate'],data_raw/youtube_comments.jsonl
QDYQ_4gsiOU,UgypZLb4vPJNnx6BBlp4AaABAg,Preach girl I ate one meal a day and I wanted to vomit so with how I looked and I went to the gym 5 days a week I walked to the gym and walked back and if I ate a normal meal the kind most people call healthy I gained weight,0,2026-01-03T08:29:35Z,UCIZjWoi_-pGIMOq4q-q62Lg,"""mounjaro side effects"" #shorts",https://www.youtube.com/watch?v=QDYQ_4gsiOU,Oprah on why she turned to weight loss drugs,['ate'],data_raw/youtube_comments.jsonl
soS5tgVo7kU,Ugzrx4vxFeDjW80m5-t4AaABAg,I started at 2.5 and am on my second week of 5 and I feel like I'm dying on the daily. I'm heading back to the doctor office tomorrow to go back down. I've lost 30 lbs already in the month and a half since I've been on it.,0,2026-05-13T23:30:17Z,UCVAPBC1axanDS619FLK5DLQ,"""mounjaro side effects"" #shorts",https://www.youtube.com/watch?v=soS5tgVo7kU,STOP Doing These 5 Things on Ozempic &amp; Mounjaro,['dying'],data_raw/youtube_comments.jsonl
soS5tgVo7kU,Ugy1eqLzU4Aja1Zi8t94AaABAg,"Day 2 had 2 plates of Chinese food and I’m just about dying from feeling full,  and bg is through the roof.  Not doing that again even if I hadn’t eaten much earlier.  Luckily they were small plates.  I know I shouldn’t eat that but hubby came home with it for dinner.  I did go for a walk earlier too.",0,2025-11-02T00:20:26Z,UCzJ3IQAZBcgaJqzkRtk-7Mw,"""mounjaro side effects"" #shorts",https://www.youtube.com/watch?v=soS5tgVo7kU,STOP Doing These 5 Things on Ozempic &amp; Mounjaro,['dying'],data_raw/youtube_comments.jsonl
C1OqHKOvFCc,UgyWlVtKJukdT_0A8E94AaABAg,"Most of the studies on weight regain after stopping these drugs involved taking the patient to top the maximum level of the drug for at least 6 to 12 months and then cutting them off cold turkey.
However a few studies have involved titrating the dose down slowly over time, and also continuing dietitian and exercise support. In those cases, the majority of patients maintain their weight loss. If they continued the drug, they did so at a very low dose. 
Also, we are learning that taking the maximum dose is not always necessary. Good obesity doctors are recommending that patients take no higher of a dose than is necessary to lose weight at a reasonable rate.
I lost 50 lb using tirzepatide over the course of a year, which is less than a pound a week. I ate plenty of protein and did lots of weight-bearing exercise.
Less than 10% of my weight loss was lean body mass, the rest was fat.
I never went above 2/3 of the maximum dose and that only for a few months. Mostly I was on half the maximum dose. 
Now that I'm at goal weight, I've been titrating down and have maintained for about 6 weeks. 
The medical community is learning more about these drugs as time goes on, but I think the approach that my doctor and I have used will turn out to be more effective long-term. He says that the vast majority of his patients are on the minimum dose, a microdose, or have managed to titrate completely off of the drugs.",0,2025-05-03T16:03:21Z,UCQpDj-15JJk-n0tcXO_EFqg,"""mounjaro side effects"" #shorts",https://www.youtube.com/watch?v=C1OqHKOvFCc,What happens to your body when you stop taking weight-loss drugs l GMA,['ate'],data_raw/youtube_comments.jsonl
C1OqHKOvFCc,UgxQpr7btfnlYLwbTmd4AaABAg,"My wife lost 25 pounds in the last 8 months and didn't realize she was on a diet. We just ate chicken, beef, blueberries, oats and low calorie drinks. No starving and I got kind of ripped lol. Weight loss is effortless with a high protein diet.",9,2024-04-13T14:58:30Z,UCrv_W6fINCES-vcejeojtvA,"""mounjaro side effects"" #shorts",https://www.youtube.com/watch?v=C1OqHKOvFCc,What happens to your body when you stop taking weight-loss drugs l GMA,['ate'],data_raw/youtube_comments.jsonl
qkhvIZk5csk,UgwwJJnXH_ODQIFs_xJ4AaABAg,"My aunt was on it… the doctor increased her dose pretty significantly and she literally dropped dead within a week of the increase. I’m not saying one had anything to do with the other but… the timing of it all is at the very least intriguing. I loved my aunt. She was BEAUTIFUL! A teacher, a mom, an advocate for the needy. She was awesome and I miss her so much.",832,2025-05-13T15:22:20Z,UCLZRunRfkeb5tREF9YaPFXg,"""mounjaro side effects"" #shorts",https://www.youtube.com/watch?v=qkhvIZk5csk,Beware of this new problem with Ozempic !,['dead'],data_raw/youtube_comments.jsonl
qkhvIZk5csk,UgwWS4dWEAhFtVFkFSZ4AaABAg,My mother is dying from this. Her stomach has been paralyzed for almost a year. Stomach paralysis and death are not good tradoffs people. You don’t have an ozemoic shortage in your system.,414,2025-02-28T13:51:19Z,UCS14tn6r2m8ke0fWfhbX7Ww,"""mounjaro side effects"" #shorts",https://www.youtube.com/watch?v=qkhvIZk5csk,Beware of this new problem with Ozempic !,['dying'],data_raw/youtube_comments.jsonl
qkhvIZk5csk,Ugw1n_iPINtOOrym0VF4AaABAg,Caused weight loss for me. An hour after taking it I spent a week sick to my stomach and vomiting every time I ate anything.. until about 1hr before I injected again. I lost 17.8 pounds in 1.5 weeks. My doctor all happy said. That’s the ozempic. Until I told her exactly what taking it done to me.. and that I wasn’t taking it any more. 🤦🏻‍♀️,13,2025-04-19T00:47:48Z,UClyriycZ25b0zauBbhVqoyQ,"""mounjaro side effects"" #shorts",https://www.youtube.com/watch?v=qkhvIZk5csk,Beware of this new problem with Ozempic !,['ate'],data_raw/youtube_comments.jsonl
qkhvIZk5csk,UgzQIkb7RFIgQDdvx5Z4AaABAg,"I work in medical laboratory science. The organization I work for passes these drugs out like candy. MANY of my coworkers are on it. Not only have I seen changes in their body, but I have seen changes in their mental state as well. My observation has been they are less friendly(happy), seems to be more brain fog of sorts (mistakes in work), and their overall demeanor is.. different. I’m not talking about one person, I have seen these changes in several people over time. This is only surface level. I genuinely can’t imagine all that’s happening internally that can’t be seen.",192,2025-05-11T09:42:30Z,UC3YalN1bkD8knlMN2skdhXQ,"""mounjaro side effects"" #shorts",https://www.youtube.com/watch?v=qkhvIZk5csk,Beware of this new problem with Ozempic !,['brain fog'],data_raw/youtube_comments.jsonl
qkhvIZk5csk,UgyZeHRzzEfSeSfV_pR4AaABAg,Im a Canadian funeral director.  Dealt with a few people now who have had medical assistance in dying because ozempic destroyed their gastrointestinal systems.  Doesn't seem worth the risk...,89,2025-05-11T17:37:48Z,UCREWSanoW_38w5OUDA9-IOw,"""mounjaro side effects"" #shorts",https://www.youtube.com/watch?v=qkhvIZk5csk,Beware of this new problem with Ozempic !,['dying'],data_raw/youtube_comments.jsonl
qkhvIZk5csk,Ugyep4_h6uSYwcaHwt94AaABAg,"Reminds of Adderall prescribed for ADD & ADHD. Kids and adults abused for other supposed benefits like studying better then dying from heart attacks. Most parents with kids actually prescribed Adderall in limited doses always hoped to use less during day at school and no meds in evening or on weekends. Many abusers of the med took way too many, became addicted in mind and body, and had adverse reactions - heart (cardiomyopathy) & brain (psychoses).",1,2026-04-23T20:38:37Z,UCVphBiee5PZQtL-PZD735VQ,"""mounjaro side effects"" #shorts",https://www.youtube.com/watch?v=qkhvIZk5csk,Beware of this new problem with Ozempic !,['dying'],data_raw/youtube_comments.jsonl
qkhvIZk5csk,UgyzjQBhuW2oO4KS6zV4AaABAg,"The fact that people who have used this looks like Night of the Living Dead,  and people are still using this is mind boggling to me!!",12,2025-07-25T01:20:32Z,UCXsjV6jJyt0XhB9XvbWsBaw,"""mounjaro side effects"" #shorts",https://www.youtube.com/watch?v=qkhvIZk5csk,Beware of this new problem with Ozempic !,['dead'],data_raw/youtube_comments.jsonl
_rXANcA01C0,UgwfxF_YFC_P1E7bzqt4AaABAg,Just eat right and exercise. I  did both for 2 months and went from 266 to 235 and still going. My goal is 225. No shots and No pills. I walk 5 miles 3 days a week and changed the way I ate. So many people wants fast results but fail to realize they are hurting themselves in the long run,49,2025-09-27T21:13:39Z,UCv84LSbtydCRQh0HDBuD3Mw,"""mounjaro side effects"" #shorts",https://www.youtube.com/watch?v=_rXANcA01C0,This is what happens when you stop taking Ozempic,['ate'],data_raw/youtube_comments.jsonl
_rXANcA01C0,Ugz1cs5hwZVt2XNHyS94AaABAg,"I am forewarning you....I have just quit my job at an Endocrinology office. In all my years, I have NEVER, EVER, EVVVER been subjected to patients(in such a HUGE amount)as rude, stupid/full of brain fog, or argumentative, mean,& nasty, as I have, with THAT office! 
It is the most craziest, weirdest thing, & observation I've dealt with. 

This drug, & Wegovy, & Jardiance, are going to show the most volatile mood swings in your friends, & loved ones in the near future. Mark my words. It's going to get UGLY. 🥺😩😞",9,2025-11-29T13:18:18Z,UCNtJw28uICGNPY9wkzvjUBg,"""mounjaro side effects"" #shorts",https://www.youtube.com/watch?v=_rXANcA01C0,This is what happens when you stop taking Ozempic,['brain fog'],data_raw/youtube_comments.jsonl
zWaT_Ib-mfM,Ugz_G5wqM3UprhZDDl54AaABAg,"Currently on 7,5mg and dying… the other doses were fine",2,2025-12-29T13:41:06Z,UCHN5YdH3mqq6JHOFIqGoGeA,"""mounjaro side effects"" #shorts",https://www.youtube.com/watch?v=zWaT_Ib-mfM,Comparing 2.5mg 5mg 7.5mg Mounjaro. My experience on each dose.  #weightloss #shorts #tirzepatide,['dying'],data_raw/youtube_comments.jsonl
zWaT_Ib-mfM,UgwGTwgxht-arXx6Cpd4AaABAg,I thought you were dead❤glad to see you again and not with the story that you gain 20 pounds but its Monday and we should all start again😂,2,2025-10-28T14:13:48Z,UCySOSpi6y4_wgYfTiyaCYDQ,"""mounjaro side effects"" #shorts",https://www.youtube.com/watch?v=zWaT_Ib-mfM,Comparing 2.5mg 5mg 7.5mg Mounjaro. My experience on each dose.  #weightloss #shorts #tirzepatide,['dead'],data_raw/youtube_comments.jsonl
tvLwkR3ysWA,Ugwe5zb4AabCCPhpCK14AaABAg,"Thank you so much I’m on wegovy .5 and I was so sick yesterday and it was exactly that the food I ate 
So today I changed it 
It took a full day to go away 
Nauseous headache and acid reflux yuk
Thank you!!",56,2024-04-08T21:15:50Z,UCbTxY-sg2aNmlKweCjcIxLg,"""mounjaro side effects"" #shorts",https://www.youtube.com/watch?v=tvLwkR3ysWA,The unexpected side effect of Ozempic #weightloss #wegovy #ozempic,['ate'],data_raw/youtube_comments.jsonl
tvLwkR3ysWA,Ugw0dEreSvtDwGYVeWN4AaABAg,Yeah I ate a nice salad with all the fixings right b4 bed the other night and was burping all night 😢,3,2025-06-08T15:45:00Z,UCBwoobmmkaqdOSTeEKf1ybQ,"""mounjaro side effects"" #shorts",https://www.youtube.com/watch?v=tvLwkR3ysWA,The unexpected side effect of Ozempic #weightloss #wegovy #ozempic,['ate'],data_raw/youtube_comments.jsonl
tvLwkR3ysWA,Ugw0dJ2jSYt39-wk0mp4AaABAg,"I took my first dose yesterday and I have had indigestion these past two days mind you all I had yesterday morning before I took the Ozempic was three pieces of toast sourdough because of me by a diabetic two pieces of sliced turkey deli meat and a half a cup of coffee yesterday, Sunday morning ain't nothing else I made dinner. I ate a little piece, not even a piece size piece of meat to see to check the flavoring indigestion woke up this morning. Didn't have anything just water made me a smoothie then I was still hungry. 74 boiled eggs. I ate the egg whites and digestion my son a few minutes ago when he came over, made me a hotdog all I had was just the bunmustard, sauerkraut and the hotdog one and I have indigestion. This is a horrible feeling and all I've been drinking water all day long.",4,2024-04-29T22:20:13Z,UCuhD4J8Ny31lRT5QuQJoE1Q,"""mounjaro side effects"" #shorts",https://www.youtube.com/watch?v=tvLwkR3ysWA,The unexpected side effect of Ozempic #weightloss #wegovy #ozempic,['ate'],data_raw/youtube_comments.jsonl
uRHUfxs0I2s,UgwKDtbdXkgC9Fmm5tZ4AaABAg,I’m not on Ozempic but I am currently in a calorie deficit state and I think I didn’t eat enough yesterday lost 2 lb from the day before and then ate a high fat meal yogurt and cereal with milk too fast and as my first meal the next day… Thank you for the reminder that high fat content meals can make you nauseous. I hate being nauseous!,1,2025-03-02T19:02:47Z,UC8uGDRBtuybUETsqV9N6Yxw,"""semaglutide nausea"" #shorts",https://www.youtube.com/watch?v=uRHUfxs0I2s,My personal tricks to avoiding nausea with glp-1. #weightloss #diabetes #pcosweightloss #glp1,['ate'],data_raw/youtube_comments.jsonl
Z4eWCicCSqc,UgxdiJnLqc6oOBi4KwR4AaABAg,"I ate way to much pizza and felt super crappy like 30 min after and was on the brink of puking my guts out, but then I saw this vid and rubbed hand sanitizer on my nose and it went away mostly. You have to keep doing it though or else it comes back",3,2025-06-14T04:28:41Z,UCtbcEVi8O_ngaywq31CZNCA,"""semaglutide nausea"" #shorts",https://www.youtube.com/watch?v=Z4eWCicCSqc,Doctor Explains How to STOP Nausea immediately using this simple life hack! #nausea #doctor #,['ate'],data_raw/youtube_comments.jsonl
3R1Fwhf02LE,UgxjqdZBcrsNXStQy4l4AaABAg,"I just started and  it is amazing , so much  more energy , feel amazing , i have Hashinotos and this is the best i have felt in 10 years .Brain fog gone , no nausea, no vomiting.",28,2024-12-10T08:44:20Z,UCPZw3vAqwNvEUNEx2KEKfDQ,"""semaglutide nausea"" #shorts",https://www.youtube.com/watch?v=3R1Fwhf02LE,Ozempic Nausea Getting Worse? Try These 5 Fixes,['brain fog'],data_raw/youtube_comments.jsonl
3R1Fwhf02LE,UgyMhcA1mV43bNOfzCl4AaABAg,"I took my first Ozempic shot yesterday. I am at the point where I can’t even take any solid food. And believe me, I was eating bland food and a smaller portion. I couldn’t even eat toast. I just ate an apple because I was desperate to have something.I called my doctor today and he never called me back. Which makes me even more upset. Hopefully I hear from him tomorrow. I’m just afraid I’m going to be throwing up every day for the next week until I can stop taking this medication.",10,2024-03-12T09:40:21Z,UCSGF5jmRPucCQvVVvHutHdw,"""semaglutide nausea"" #shorts",https://www.youtube.com/watch?v=3R1Fwhf02LE,Ozempic Nausea Getting Worse? Try These 5 Fixes,['ate'],data_raw/youtube_comments.jsonl
3R1Fwhf02LE,Ugxlv64OsO4--ArPpfV4AaABAg,"Im T2D in obese , I started my journey at 208lbs. Im not 197 at week 4. I took my 5th dose Thursday, that was also my last weight check. I could not tolerate taking Ozempic, Victoza and Trulicity. I am currently taking Mounjaro and feel great! the only side effects i had were headache the first week, sulfur burps that still continue but was not often , like maybe 1 burp every 2 hrs or sometimes 1 an hr. skip some hours and repeat, the more im on it the less they get. I had severe diarreah from the others, but i am constipated with Mounjaro. I am using Miralax. I am so happy i can get full after a very small normal amount of food where i never could feel full before. I think its aomething some diabetics get. And i am not having cravings like i used to for a bunch of junk. I can enjoy a few bites of something delicous and stop eating it! I never could do that before. I am so blessed. I did take Trulicity fighting the nauseau and then eventually got diarreah every 3rd day of my shot after about 6 months i had to stop. That was the longest i was on one but has the sick feeling from day 1. Mounjaro doesn't make me feel sick like the others did. I am hoping the Mounjaro continues to work for me because none of the others took away my cravings or made me feel full so i prob over ate on them.",2,2025-01-13T04:20:49Z,UCv1ZLDGJLoe3iWC5vb5Diiw,"""semaglutide nausea"" #shorts",https://www.youtube.com/watch?v=3R1Fwhf02LE,Ozempic Nausea Getting Worse? Try These 5 Fixes,['ate'],data_raw/youtube_comments.jsonl
3R1Fwhf02LE,Ugz0pEbE10f3_3h9ksJ4AaABAg,"Thank you for explaining these details regarding the nausea. I have been searching on this topic because it's not made clear if I should take it on an empty stomach or with food on my stomach. 
Now I understand that the nausea is brought on not by the food on my stomach but it could be my interaction OR because I ate too much prior to my stomach digesting the last meal I ate. 
I need to eat small meals & from what I understand non-fried/greasy foods (which I rarely eat anyways). 
Thank you so much! 😁👍",4,2023-01-19T17:10:45Z,UCjOa9hBFPW9QeM5gISbjS_g,"""semaglutide nausea"" #shorts",https://www.youtube.com/watch?v=3R1Fwhf02LE,Ozempic Nausea Getting Worse? Try These 5 Fixes,['ate'],data_raw/youtube_comments.jsonl
3R1Fwhf02LE,UgwswsU5DA-7IkZ-5Qd4AaABAg,"I tried Ozempic for a little over a year.  I started at the .25 mg dose and went up to the .5 mg dose.  I had nausea with vomiting the first few days after my injection each week.  Even though I was careful about what I ate and not eating too late in the day, I would get nausea in the morning - often on an empty stomach - and it made getting ready for work challenging.  I took a 4 mg Zofran pill to help with the nausea on those days.  My care provider suggested I go back to the .25 mg dose of Ozempic to see if the lower dose would help, as I was still experiencing nausea after nine months of being on Ozempic.  My nausea never went away, so I eventually stopped taking Ozempic.  However, my blood glucose levels rose and I regained the 20 lbs. I had lost while on Ozempic, which was disappointing.  Now, I just recently switched to a different diabetes drug.  Hopefully the new drug works for me.  I think Ozempic was great for making me feel full faster and for the weight I lost.  I still think Ozempic is well worth using - if it works for you and you can handle the side effects.  My husband also takes Ozempic at the higher 1 mg dose and he does not have any of the negative side effects.  It leads me to believe that it just depends on the individual.",15,2022-07-31T22:21:39Z,UChRdjKj25-ZYv9SI_CkeL9g,"""semaglutide nausea"" #shorts",https://www.youtube.com/watch?v=3R1Fwhf02LE,Ozempic Nausea Getting Worse? Try These 5 Fixes,['ate'],data_raw/youtube_comments.jsonl
iaCTRnIkbsg,UgzHXGwpOKM1zruZ7B54AaABAg,"36 hours post initial dose. One of the worst symptoms after vomiting/nausea is HEADACHE from dehydration.  I have been taking tiny sips of peppermint tea and today added a few sips of vegetable broth with salt around 4PM but by midnight, am still burping broth taste! I know this medication slows the gut motility, but why isn't fluid being absorbed in the stomach, especially if I'm dehydrated? I've stuck with warm fluids b/c I know that's supposed to stimulate peristalsis. I've had 36 hours to think about how & why these symptoms are happening and how I could alleviate them. I'm wondering if by not being able to drink as much, if my HA is due in part to caffeine withdrawal. Ordered caffeine gum online to be delivered tomorrow. I'm used to having around 1-3 cups of hot tea per day (35mg caffeine ea.? roughly?) Also, this is a weird one, but is it possible that sugar-craving bacteria or yeast is dying off already and producing a HA b/c of toxins they release when their cells break apart? Maybe extra inflammation body-wide?",0,2025-06-02T05:20:36Z,UC6VVpckDQb3kMBxH6tSUj7g,"""semaglutide nausea"" #shorts",https://www.youtube.com/watch?v=iaCTRnIkbsg,Tips to Help Manage Your #Ozempic Side Effects,['dying'],data_raw/youtube_comments.jsonl
iaCTRnIkbsg,UgxDXnXMPciFY6KwYpx4AaABAg,"After taking ozempic, I vomitted three times the following day🥺 I felt fatigue and headache too. Due to that, the portion I ate was minimized almost up to 1/4 of what I usually eat since I had a trauma puking from time to.time especially since I am at work. Does that symptom last throughout while taking it or it is still just for a few days after first dose? I was given 0.5mg by my doctor since this was still my first time.",0,2024-07-31T22:32:03Z,UCgQydWeyZgMmFLvTdYC2b1A,"""semaglutide nausea"" #shorts",https://www.youtube.com/watch?v=iaCTRnIkbsg,Tips to Help Manage Your #Ozempic Side Effects,['ate'],data_raw/youtube_comments.jsonl
iaCTRnIkbsg,UgxzqHKI-zwJC3nMZ7B4AaABAg,"i buy  the 1gram stick and do .25 a week 
man i took 1g 2 times for 2 weeks first 2 days jesus crist i ate a ltitle bit and enxt day i vommited everything half disjested foods and started puking bile",0,2025-05-06T20:40:24Z,UC4YDaONqOnS8LUr2m6stPKg,"""semaglutide nausea"" #shorts",https://www.youtube.com/watch?v=iaCTRnIkbsg,Tips to Help Manage Your #Ozempic Side Effects,['ate'],data_raw/youtube_comments.jsonl
fF_3FsGbH6I,Ugzhym5JPQKopbx4j0p4AaABAg,"I had horrible mood effects, depressed, withdrawn, disconnected, brain fog etc..",30,2025-05-24T20:26:13Z,UC-FtoiiBoRTJr3sQzWqBvwQ,"""semaglutide nausea"" #shorts",https://www.youtube.com/watch?v=fF_3FsGbH6I,Ozempic in the ER: Side Effects of GLP-1 Receptor Agonists,['brain fog'],data_raw/youtube_comments.jsonl
fF_3FsGbH6I,UgxnRPqWBKototK-3614AaABAg,"Hi Doctor finally I have somewhat of an explanation as to what happened to me on GLP-1. I was taking it for 2 months and not only was I severely constipated (but didn't know it until my hospitalization) because I was still having bowel movements, but suddenly one day I felt nauseas and sick all night finally started vomiting in the morning the next day but the vomit was all fluids, bile, and eventually coffee grounds. I threw up like 5 times all liquid. Then I suddenly had a feeling of unquenchable thirst and everytime I tried to drink any water I would throw it back up. I also had all night pain and cramping from my waist down through my legs. After the dying of thirst feeling and inability to even sip water I called an ambulance (I live alone). Long story short still thirsty after 5 IVs (Im not diabetic), and also I take Suboxone so they did an abdominal xray right after I pooped in the E/R bathroom and the doctor said I was severely and dangerously impacted even though I pooped. She couldn't believe I had gone BEFORE the xrays. Well I had an anion gap and my blood PH was only 7.1 I had metabolic acidosis, lots of ketones/ketosis, then my blood pressure was really low, and I landed in the ICU. They gave me a nasty magnesium citrate drink and other laxatives and I basically 💩 my brains out multiple times. So my question is did I go into ketosis and metabolic acidosis because I was so constipated? Because I was eating food I wasnt starving myself but once I had the nausea I couldn't eat all day of course. By the time I was vomiting no food was in my stomach but I had eaten the day before so what exactly caused that ketosis and subsequent acidosis?  I cant take GLP-1 because between that and the suboxone the constipation gets so severe. Recently I landed in the hospital vomiting fluids non stop and unable to keep water down yet this time I did not have the ketosis or acidosis only the severe fecal impaction again. And I have no idea I'm impacted until they do an x-ray and tell me. Any feedback would be appreciated.",0,2026-03-23T01:44:23Z,UCtqmsl4h_2PxU4hQgs_J7HQ,"""semaglutide nausea"" #shorts",https://www.youtube.com/watch?v=fF_3FsGbH6I,Ozempic in the ER: Side Effects of GLP-1 Receptor Agonists,['dying'],data_raw/youtube_comments.jsonl
lg3Ch0g3eHA,Ugy0z_f15ngVdNAcJX14AaABAg,"Injected lastnight 7.5 mg.. i didnt have issues on the previous doses. Today i had asmall meal , and laiddown in the park, well now 7 hours afterwards food is undigested, and coming up when I belch. Im miserable with a stomach of undigested food  . All i had is a cup of cooked high protein pasta and soya bits.",0,2026-05-26T04:06:32Z,UCt9lRDtpfbn2du4c5dBlLAw,"""semaglutide nausea"" #shorts",https://www.youtube.com/watch?v=lg3Ch0g3eHA,"HOW TO MINIMIZE OZEMPIC (GLP1) SIDE EFFECTS! (Ozempic, Wegovy, Mounjaro, Zepbound etc)",['cooked'],data_raw/youtube_comments.jsonl
lg3Ch0g3eHA,UgyeIrUQXsJbMrv6za94AaABAg,I took my first shot 4 days ago and first day was fine 2nd day i didn’t feel hungry felt little but dizzy and heart burns too. 3rd day was worse i felt fine in the morning i did feel weak since i didn’t eat much. I did 1 hour of exercise in the morning and didn’t eat til later like 1 o clock. I ate tiny bit and all of sudden i felt nauseous and i guess that heart burns too feeling. I felt so tired i took a quick nap and i did eat protein and felt good. 4th day I felt fine and i ate yogurt and oatmeal and all if sudden felt so nauseous and super upset stomach and weak. I took a nap and woke up feeling shaky and felt weak. I am eating rice and eggs but feeling super loss of appetite. I hope this isn’t going to last long. I don’t know if i can stand this nausea and light headiness and heartburn.,3,2025-03-30T20:23:18Z,UCdPaUQH4bMfjdQrWnb0tMvQ,"""semaglutide nausea"" #shorts",https://www.youtube.com/watch?v=lg3Ch0g3eHA,"HOW TO MINIMIZE OZEMPIC (GLP1) SIDE EFFECTS! (Ozempic, Wegovy, Mounjaro, Zepbound etc)",['ate'],data_raw/youtube_comments.jsonl
lg3Ch0g3eHA,Ugy1oOZ5M1nZCQPp0fx4AaABAg,"I ate corn and black beans for dinner and ended up vomiting it up the next morning. My stomach still felt fuel and it seem like it takes a longer time to digest food. I am on day 5 and still have the nausea and vomiting. I been walking more which helps, but eaten smaller meals seems to be the key.",0,2025-08-05T00:36:25Z,UCS1rydNOnReO2MysauKU5KQ,"""semaglutide nausea"" #shorts",https://www.youtube.com/watch?v=lg3Ch0g3eHA,"HOW TO MINIMIZE OZEMPIC (GLP1) SIDE EFFECTS! (Ozempic, Wegovy, Mounjaro, Zepbound etc)",['ate'],data_raw/youtube_comments.jsonl
lllEqhWGrM8,UgwzPfWEypn5puNruNx4AaABAg,"yohimbine tolerance is the problem...I am 230 so I would need 20 mg of that thing , I can only tolerate 5 mg . More than that and I feel like dying .",1,2023-11-07T16:12:18Z,UCgEg17OipLsZ0buaCeeN7eQ,"""fat burner review"" #shorts",https://www.youtube.com/watch?v=lllEqhWGrM8,3 Fat Loss Supplements that ACTUALLY Work #shorts,['dying'],data_raw/youtube_comments.jsonl
ZBEOdXKEl-w,UgxIQn5BF9N4XJVok_p4AaABAg,Excise kero fr body v fit honi naal he fresh v feel keruge Bina mehnat sy khuch nahi milta,15,2023-01-12T16:29:28Z,UCuePVEDH_5aoOGbJpcVS03Q,"""fat burner review"" #shorts",https://www.youtube.com/watch?v=ZBEOdXKEl-w,Viral Weight Loss Tape| Flat Tummy in 30 Days #shorts #youtubeshorts,['fr'],data_raw/youtube_comments.jsonl
h7t52j3vtwI,UgwzgJCGIQzBepud3H94AaABAg,"Kept bumping into comments about Nixorus books, everyone saying theyre dangerously honest and almost banned-level info. Eventually, I caved and checked it out. Theyre right—this stuff hits different. Its weirdly addictive, probably because it feels like knowledge youre not supposed to find.",288,2025-08-15T09:38:17Z,UCJekKnFUip7P9bvbnsLoXOA,"""fat burner review"" #shorts",https://www.youtube.com/watch?v=h7t52j3vtwI,The MOST Powerful Fat-Burning Nutrient,['hits different'],data_raw/youtube_comments.jsonl
